-- MySQL dump 10.13  Distrib 8.0.26, for Linux (x86_64)
--
-- Host: localhost    Database: detectar
-- ------------------------------------------------------
-- Server version	8.0.26

/*!40101 SET @OLD_CHARACTER_SET_CLIENT=@@CHARACTER_SET_CLIENT */;
/*!40101 SET @OLD_CHARACTER_SET_RESULTS=@@CHARACTER_SET_RESULTS */;
/*!40101 SET @OLD_COLLATION_CONNECTION=@@COLLATION_CONNECTION */;
/*!50503 SET NAMES utf8mb4 */;
/*!40103 SET @OLD_TIME_ZONE=@@TIME_ZONE */;
/*!40103 SET TIME_ZONE='+00:00' */;
/*!40014 SET @OLD_UNIQUE_CHECKS=@@UNIQUE_CHECKS, UNIQUE_CHECKS=0 */;
/*!40014 SET @OLD_FOREIGN_KEY_CHECKS=@@FOREIGN_KEY_CHECKS, FOREIGN_KEY_CHECKS=0 */;
/*!40101 SET @OLD_SQL_MODE=@@SQL_MODE, SQL_MODE='NO_AUTO_VALUE_ON_ZERO' */;
/*!40111 SET @OLD_SQL_NOTES=@@SQL_NOTES, SQL_NOTES=0 */;

--
-- Table structure for table `failed_jobs`
--

DROP TABLE IF EXISTS `failed_jobs`;
/*!40101 SET @saved_cs_client     = @@character_set_client */;
/*!50503 SET character_set_client = utf8mb4 */;
CREATE TABLE `failed_jobs` (
  `id` bigint unsigned NOT NULL AUTO_INCREMENT,
  `uuid` varchar(255) COLLATE utf8mb4_unicode_ci NOT NULL,
  `connection` text COLLATE utf8mb4_unicode_ci NOT NULL,
  `queue` text COLLATE utf8mb4_unicode_ci NOT NULL,
  `payload` longtext COLLATE utf8mb4_unicode_ci NOT NULL,
  `exception` longtext COLLATE utf8mb4_unicode_ci NOT NULL,
  `failed_at` timestamp NOT NULL DEFAULT CURRENT_TIMESTAMP,
  PRIMARY KEY (`id`),
  UNIQUE KEY `failed_jobs_uuid_unique` (`uuid`)
) ENGINE=InnoDB DEFAULT CHARSET=utf8mb4 COLLATE=utf8mb4_unicode_ci;
/*!40101 SET character_set_client = @saved_cs_client */;

--
-- Dumping data for table `failed_jobs`
--

LOCK TABLES `failed_jobs` WRITE;
/*!40000 ALTER TABLE `failed_jobs` DISABLE KEYS */;
/*!40000 ALTER TABLE `failed_jobs` ENABLE KEYS */;
UNLOCK TABLES;

--
-- Table structure for table `health_condition_types`
--

DROP TABLE IF EXISTS `health_condition_types`;
/*!40101 SET @saved_cs_client     = @@character_set_client */;
/*!50503 SET character_set_client = utf8mb4 */;
CREATE TABLE `health_condition_types` (
  `id` bigint unsigned NOT NULL AUTO_INCREMENT,
  `name` varchar(255) COLLATE utf8mb4_unicode_ci NOT NULL,
  `created_at` timestamp NULL DEFAULT NULL,
  `updated_at` timestamp NULL DEFAULT NULL,
  PRIMARY KEY (`id`)
) ENGINE=InnoDB AUTO_INCREMENT=5 DEFAULT CHARSET=utf8mb4 COLLATE=utf8mb4_unicode_ci;
/*!40101 SET character_set_client = @saved_cs_client */;

--
-- Dumping data for table `health_condition_types`
--

LOCK TABLES `health_condition_types` WRITE;
/*!40000 ALTER TABLE `health_condition_types` DISABLE KEYS */;
INSERT INTO `health_condition_types` VALUES (1,'Daltonismo','2021-08-20 14:33:12','2021-08-20 14:33:12'),(2,'Discalculia','2021-08-20 14:33:12','2021-08-20 14:33:12'),(3,'Disortografia','2021-08-20 14:33:12','2021-08-20 14:33:12');
/*!40000 ALTER TABLE `health_condition_types` ENABLE KEYS */;
UNLOCK TABLES;

--
-- Table structure for table `health_conditions`
--

DROP TABLE IF EXISTS `health_conditions`;
/*!40101 SET @saved_cs_client     = @@character_set_client */;
/*!50503 SET character_set_client = utf8mb4 */;
CREATE TABLE `health_conditions` (
  `id` bigint unsigned NOT NULL AUTO_INCREMENT,
  `health_condition_type_id` bigint unsigned NOT NULL,
  `healthy` tinyint(1) NOT NULL,
  `name` text COLLATE utf8mb4_unicode_ci NOT NULL,
  `created_at` timestamp NULL DEFAULT NULL,
  `updated_at` timestamp NULL DEFAULT NULL,
  PRIMARY KEY (`id`),
  KEY `health_conditions_health_condition_type_id_foreign` (`health_condition_type_id`),
  CONSTRAINT `health_conditions_health_condition_type_id_foreign` FOREIGN KEY (`health_condition_type_id`) REFERENCES `health_condition_types` (`id`)
) ENGINE=InnoDB AUTO_INCREMENT=17 DEFAULT CHARSET=utf8mb4 COLLATE=utf8mb4_unicode_ci;
/*!40101 SET character_set_client = @saved_cs_client */;

--
-- Dumping data for table `health_conditions`
--

LOCK TABLES `health_conditions` WRITE;
/*!40000 ALTER TABLE `health_conditions` DISABLE KEYS */;
INSERT INTO `health_conditions` VALUES (1,1,1,'ok daltonismo','2021-08-20 14:36:22','2021-08-20 14:36:22'),(2,1,0,'cegera rojo y/o verde','2021-08-20 14:36:22','2021-08-20 14:36:22'),(3,2,1,'ok aritmetica','2021-08-20 14:36:22','2021-08-20 14:36:22'),(4,2,0,'mal aritmetica','2021-08-20 14:36:22','2021-08-20 14:36:22'),(5,2,1,'ok numero mas grande','2021-08-20 14:36:22','2021-08-20 14:36:22'),(6,2,0,'mal numero mas grande','2021-08-20 14:36:22','2021-08-20 14:36:22'),(7,2,1,'ok cantidad de objetos','2021-08-20 14:36:22','2021-08-20 14:36:22'),(8,2,0,'mal cantidad de objetos','2021-08-20 14:36:22','2021-08-20 14:36:22'),(9,2,1,'ok secuencia de numeros','2021-08-20 14:36:22','2021-08-20 14:36:22'),(10,2,0,'mal secuencia de numeros','2021-08-20 14:36:22','2021-08-20 14:36:22'),(11,1,0,'Protanopia or Protanomaly','2021-08-21 02:26:00','2021-08-21 02:26:00'),(12,1,0,'Deuteronopia or deuteranomaly','2021-08-21 02:26:00','2021-08-21 02:26:00'),(13,2,1,'ok deteccion de numeros','2021-08-21 02:26:00','2021-08-21 02:26:00'),(14,2,0,'mal deteccion de numeros','2021-08-21 02:26:00','2021-08-21 02:26:00'),(15,3,1,'ok visioespacial',NULL,NULL),(16,3,0,'mal visioespacial',NULL,NULL);
/*!40000 ALTER TABLE `health_conditions` ENABLE KEYS */;
UNLOCK TABLES;

--
-- Table structure for table `migrations`
--

DROP TABLE IF EXISTS `migrations`;
/*!40101 SET @saved_cs_client     = @@character_set_client */;
/*!50503 SET character_set_client = utf8mb4 */;
CREATE TABLE `migrations` (
  `id` int unsigned NOT NULL AUTO_INCREMENT,
  `migration` varchar(255) COLLATE utf8mb4_unicode_ci NOT NULL,
  `batch` int NOT NULL,
  PRIMARY KEY (`id`)
) ENGINE=InnoDB AUTO_INCREMENT=171 DEFAULT CHARSET=utf8mb4 COLLATE=utf8mb4_unicode_ci;
/*!40101 SET character_set_client = @saved_cs_client */;

--
-- Dumping data for table `migrations`
--

LOCK TABLES `migrations` WRITE;
/*!40000 ALTER TABLE `migrations` DISABLE KEYS */;
INSERT INTO `migrations` VALUES (162,'2014_10_12_000000_create_users_table',1),(163,'2014_10_12_100000_create_password_resets_table',1),(164,'2019_08_19_000000_create_failed_jobs_table',1),(165,'2021_08_16_161010_create_tests_table',1),(166,'2021_08_16_210317_create_test_questions_table',1),(167,'2021_08_16_210426_create_health_condition_types_table',1),(168,'2021_08_16_210734_create_health_conditions_table',1),(169,'2021_08_16_210855_create_question_possible_answers_table',1),(170,'2021_08_17_014409_create_test_question_possible_answers_table',1);
/*!40000 ALTER TABLE `migrations` ENABLE KEYS */;
UNLOCK TABLES;

--
-- Table structure for table `password_resets`
--

DROP TABLE IF EXISTS `password_resets`;
/*!40101 SET @saved_cs_client     = @@character_set_client */;
/*!50503 SET character_set_client = utf8mb4 */;
CREATE TABLE `password_resets` (
  `email` varchar(255) COLLATE utf8mb4_unicode_ci NOT NULL,
  `token` varchar(255) COLLATE utf8mb4_unicode_ci NOT NULL,
  `created_at` timestamp NULL DEFAULT NULL,
  KEY `password_resets_email_index` (`email`)
) ENGINE=InnoDB DEFAULT CHARSET=utf8mb4 COLLATE=utf8mb4_unicode_ci;
/*!40101 SET character_set_client = @saved_cs_client */;

--
-- Dumping data for table `password_resets`
--

LOCK TABLES `password_resets` WRITE;
/*!40000 ALTER TABLE `password_resets` DISABLE KEYS */;
/*!40000 ALTER TABLE `password_resets` ENABLE KEYS */;
UNLOCK TABLES;

--
-- Table structure for table `question_possible_answers`
--

DROP TABLE IF EXISTS `question_possible_answers`;
/*!40101 SET @saved_cs_client     = @@character_set_client */;
/*!50503 SET character_set_client = utf8mb4 */;
CREATE TABLE `question_possible_answers` (
  `id` bigint unsigned NOT NULL AUTO_INCREMENT,
  `test_question_id` bigint unsigned NOT NULL,
  `health_condition_id` bigint unsigned NOT NULL,
  `min_value` int NOT NULL,
  `max_value` int NOT NULL,
  `img_path` text CHARACTER SET utf8mb4 COLLATE utf8mb4_unicode_ci,
  `created_at` timestamp NULL DEFAULT NULL,
  `updated_at` timestamp NULL DEFAULT NULL,
  PRIMARY KEY (`id`),
  KEY `question_possible_answers_question_id_foreign` (`test_question_id`),
  KEY `question_possible_answers_health_condition_id_foreign` (`health_condition_id`),
  CONSTRAINT `question_possible_answers_health_condition_id_foreign` FOREIGN KEY (`health_condition_id`) REFERENCES `health_conditions` (`id`),
  CONSTRAINT `question_possible_answers_question_id_foreign` FOREIGN KEY (`test_question_id`) REFERENCES `test_questions` (`id`)
) ENGINE=InnoDB AUTO_INCREMENT=323 DEFAULT CHARSET=utf8mb4 COLLATE=utf8mb4_unicode_ci;
/*!40101 SET character_set_client = @saved_cs_client */;

--
-- Dumping data for table `question_possible_answers`
--

LOCK TABLES `question_possible_answers` WRITE;
/*!40000 ALTER TABLE `question_possible_answers` DISABLE KEYS */;
INSERT INTO `question_possible_answers` VALUES (1,1,3,5,5,NULL,NULL,NULL),(2,1,4,-1000,4,NULL,NULL,NULL),(3,2,3,7,7,NULL,NULL,NULL),(4,2,4,-1000,6,NULL,NULL,NULL),(5,3,3,8,8,NULL,NULL,NULL),(6,3,4,-1000,7,NULL,NULL,NULL),(7,4,3,5,5,NULL,NULL,NULL),(8,4,4,-1000,4,NULL,NULL,NULL),(9,5,3,14,14,NULL,NULL,NULL),(10,5,4,-1000,13,NULL,NULL,NULL),(11,6,3,19,19,NULL,NULL,NULL),(12,6,4,-1000,18,NULL,NULL,NULL),(13,7,3,23,23,NULL,NULL,NULL),(14,7,4,-1000,22,NULL,NULL,NULL),(15,8,3,1,1,NULL,NULL,NULL),(16,8,4,-1000,0,NULL,NULL,NULL),(17,9,3,3,3,NULL,NULL,NULL),(18,9,4,-1000,2,NULL,NULL,NULL),(19,10,3,2,2,NULL,NULL,NULL),(20,10,4,-1000,1,NULL,NULL,NULL),(21,11,3,3,3,NULL,NULL,NULL),(22,11,4,-1000,2,NULL,NULL,NULL),(23,12,3,8,8,NULL,NULL,NULL),(24,12,4,-1000,7,NULL,NULL,NULL),(25,13,3,6,6,NULL,NULL,NULL),(26,13,4,-1000,5,NULL,NULL,NULL),(27,14,3,11,11,NULL,NULL,NULL),(28,14,4,-1000,10,NULL,NULL,NULL),(29,15,5,16,16,NULL,NULL,NULL),(30,15,6,10,10,NULL,NULL,NULL),(31,16,5,7,7,NULL,NULL,NULL),(32,16,6,2,2,NULL,NULL,NULL),(33,17,5,6,6,NULL,NULL,NULL),(34,17,6,5,5,NULL,NULL,NULL),(35,18,5,4,4,NULL,NULL,NULL),(36,18,6,3,3,NULL,NULL,NULL),(37,19,5,8,8,NULL,NULL,NULL),(38,19,6,3,3,NULL,NULL,NULL),(39,20,5,87,87,NULL,NULL,NULL),(40,20,6,85,85,NULL,NULL,NULL),(41,21,5,71,71,NULL,NULL,NULL),(42,21,6,59,59,NULL,NULL,NULL),(43,22,5,39,39,NULL,NULL,NULL),(44,22,6,32,32,NULL,NULL,NULL),(45,23,5,31,31,NULL,NULL,NULL),(46,23,6,29,29,NULL,NULL,NULL),(47,24,5,256,256,NULL,NULL,NULL),(48,24,6,234,234,NULL,NULL,NULL),(49,25,5,460,460,NULL,NULL,NULL),(50,25,6,459,459,NULL,NULL,NULL),(51,26,7,2,2,NULL,NULL,NULL),(52,26,8,-1000,1,NULL,NULL,NULL),(53,27,7,2,2,NULL,NULL,NULL),(54,27,8,-1000,1,NULL,NULL,NULL),(55,28,7,1,1,NULL,NULL,NULL),(56,28,8,-1000,0,NULL,NULL,NULL),(57,29,7,4,4,NULL,NULL,NULL),(58,29,8,-1000,3,NULL,NULL,NULL),(59,30,7,1,1,NULL,NULL,NULL),(60,30,8,-1000,0,NULL,NULL,NULL),(61,31,7,3,3,NULL,NULL,NULL),(62,31,8,-1000,2,NULL,NULL,NULL),(63,32,7,4,4,NULL,NULL,NULL),(64,32,8,-1000,3,NULL,NULL,NULL),(65,33,9,1,1,NULL,NULL,NULL),(66,33,10,-1000,0,NULL,NULL,NULL),(67,34,9,8,8,NULL,NULL,NULL),(68,34,10,-1000,7,NULL,NULL,NULL),(69,35,9,7,7,NULL,NULL,NULL),(70,35,10,-1000,6,NULL,NULL,NULL),(71,36,9,3,3,NULL,NULL,NULL),(72,36,10,-1000,2,NULL,NULL,NULL),(73,37,9,9,9,NULL,NULL,NULL),(74,37,10,-1000,8,NULL,NULL,NULL),(75,38,9,6,6,NULL,NULL,NULL),(76,38,10,-1000,5,NULL,NULL,NULL),(77,39,9,13,13,NULL,NULL,NULL),(78,39,10,-1000,12,NULL,NULL,NULL),(79,40,9,41,41,NULL,NULL,NULL),(80,40,10,-1000,40,NULL,NULL,NULL),(81,41,9,70,70,NULL,NULL,NULL),(82,41,10,-1000,69,NULL,NULL,NULL),(83,42,9,30,30,NULL,NULL,NULL),(84,42,10,-1000,29,NULL,NULL,NULL),(85,43,9,20,20,NULL,NULL,NULL),(86,43,10,-1000,19,NULL,NULL,NULL),(87,44,9,80,80,NULL,NULL,NULL),(88,44,10,-1000,79,NULL,NULL,NULL),(136,1,4,6,1000,NULL,NULL,NULL),(137,2,4,8,1000,NULL,NULL,NULL),(138,3,4,9,1000,NULL,NULL,NULL),(139,4,4,6,1000,NULL,NULL,NULL),(140,5,4,15,1000,NULL,NULL,NULL),(141,6,4,20,1000,NULL,NULL,NULL),(142,7,4,24,1000,NULL,NULL,NULL),(143,8,4,2,1000,NULL,NULL,NULL),(144,9,4,4,1000,NULL,NULL,NULL),(145,10,4,3,1000,NULL,NULL,NULL),(146,11,4,4,1000,NULL,NULL,NULL),(147,12,4,9,1000,NULL,NULL,NULL),(148,13,4,7,1000,NULL,NULL,NULL),(149,14,4,12,1000,NULL,NULL,NULL),(150,26,8,3,1000,NULL,NULL,NULL),(151,27,8,3,1000,NULL,NULL,NULL),(152,28,8,2,1000,NULL,NULL,NULL),(153,29,8,5,1000,NULL,NULL,NULL),(154,30,8,2,1000,NULL,NULL,NULL),(155,31,8,4,1000,NULL,NULL,NULL),(156,32,8,5,1000,NULL,NULL,NULL),(157,33,10,2,1000,NULL,NULL,NULL),(158,34,10,9,1000,NULL,NULL,NULL),(159,35,10,8,1000,NULL,NULL,NULL),(160,36,10,4,1000,NULL,NULL,NULL),(161,37,10,10,1000,NULL,NULL,NULL),(162,38,10,7,1000,NULL,NULL,NULL),(163,39,10,14,1000,NULL,NULL,NULL),(164,40,10,42,1000,NULL,NULL,NULL),(165,41,10,71,1000,NULL,NULL,NULL),(166,42,10,31,1000,NULL,NULL,NULL),(167,43,10,21,1000,NULL,NULL,NULL),(168,44,10,81,1000,NULL,NULL,NULL),(211,76,1,12,12,NULL,'2021-08-21 00:49:37','2021-08-21 00:49:37'),(212,76,2,1000,1000,NULL,'2021-08-21 00:49:38','2021-08-21 00:49:38'),(213,77,1,8,8,NULL,'2021-08-21 00:49:38','2021-08-21 00:49:38'),(214,77,2,3,3,NULL,'2021-08-21 00:49:38','2021-08-21 00:49:38'),(215,78,1,29,29,NULL,'2021-08-21 00:49:38','2021-08-21 00:49:38'),(216,78,2,70,70,NULL,'2021-08-21 00:49:38','2021-08-21 00:49:38'),(217,79,1,5,5,NULL,'2021-08-21 00:49:38','2021-08-21 00:49:38'),(218,79,2,2,2,NULL,'2021-08-21 00:49:38','2021-08-21 00:49:38'),(219,80,1,3,3,NULL,'2021-08-21 00:49:38','2021-08-21 00:49:38'),(220,80,2,5,5,NULL,'2021-08-21 00:49:38','2021-08-21 00:49:38'),(221,81,1,15,15,NULL,'2021-08-21 00:49:38','2021-08-21 00:49:38'),(222,81,2,17,17,NULL,'2021-08-21 00:49:38','2021-08-21 00:49:38'),(223,82,1,74,74,NULL,'2021-08-21 00:49:38','2021-08-21 00:49:38'),(224,82,2,21,21,NULL,'2021-08-21 00:49:38','2021-08-21 00:49:38'),(225,83,1,6,6,NULL,'2021-08-21 00:49:38','2021-08-21 00:49:38'),(226,83,2,9999,9999,NULL,'2021-08-21 00:49:38','2021-08-21 00:49:38'),(227,84,1,45,45,NULL,'2021-08-21 00:49:39','2021-08-21 00:49:39'),(228,84,2,9999,9999,NULL,'2021-08-21 00:49:39','2021-08-21 00:49:39'),(229,85,1,5,5,NULL,'2021-08-21 00:49:39','2021-08-21 00:49:39'),(230,85,2,9999,9999,NULL,'2021-08-21 00:49:39','2021-08-21 00:49:39'),(231,86,1,7,7,NULL,'2021-08-21 00:49:39','2021-08-21 00:49:39'),(232,86,2,9999,9999,NULL,'2021-08-21 00:49:39','2021-08-21 00:49:39'),(233,87,1,16,16,NULL,'2021-08-21 00:49:39','2021-08-21 00:49:39'),(234,87,2,9999,9999,NULL,'2021-08-21 00:49:39','2021-08-21 00:49:39'),(235,88,1,73,73,NULL,'2021-08-21 00:49:39','2021-08-21 00:49:39'),(236,88,2,9999,9999,NULL,'2021-08-21 00:49:39','2021-08-21 00:49:39'),(237,89,1,9999,9999,NULL,'2021-08-21 00:49:39','2021-08-21 00:49:39'),(238,89,2,5,5,NULL,'2021-08-21 00:49:39','2021-08-21 00:49:39'),(239,90,1,9999,9999,NULL,'2021-08-21 00:49:39','2021-08-21 00:49:39'),(240,90,2,45,45,NULL,'2021-08-21 00:49:39','2021-08-21 00:49:39'),(241,91,1,26,26,NULL,'2021-08-21 00:49:39','2021-08-21 00:49:39'),(242,91,11,6,6,NULL,'2021-08-21 00:49:39','2021-08-21 00:49:39'),(243,91,12,2,2,NULL,'2021-08-21 00:49:40','2021-08-21 00:49:40'),(244,92,1,42,42,NULL,'2021-08-21 00:49:40','2021-08-21 00:49:40'),(245,92,11,2,2,NULL,'2021-08-21 00:49:40','2021-08-21 00:49:40'),(246,92,12,4,4,NULL,'2021-08-21 00:49:40','2021-08-21 00:49:40'),(247,93,7,4,4,NULL,'2021-08-21 00:49:40','2021-08-21 00:49:40'),(248,93,8,8,8,NULL,'2021-08-21 00:49:40','2021-08-21 00:49:40'),(249,93,8,6,6,NULL,'2021-08-21 00:49:40','2021-08-21 00:49:40'),(250,94,7,6,6,NULL,NULL,NULL),(251,94,8,5,5,NULL,NULL,NULL),(252,94,8,7,7,NULL,NULL,NULL),(253,95,7,8,8,NULL,NULL,NULL),(254,95,8,9,9,NULL,NULL,NULL),(255,95,8,10,10,NULL,NULL,NULL),(256,96,7,9,9,NULL,NULL,NULL),(257,96,8,6,6,NULL,NULL,NULL),(258,96,8,10,10,NULL,NULL,NULL),(259,97,7,16,16,NULL,NULL,NULL),(260,97,8,18,18,NULL,NULL,NULL),(261,97,8,15,15,NULL,NULL,NULL),(262,98,7,2,2,NULL,NULL,NULL),(263,98,8,4,4,NULL,NULL,NULL),(264,98,8,3,3,NULL,NULL,NULL),(265,99,7,5,5,NULL,NULL,NULL),(266,99,8,4,4,NULL,NULL,NULL),(267,99,8,6,6,NULL,NULL,NULL),(268,100,7,7,7,NULL,NULL,NULL),(269,100,8,6,6,NULL,NULL,NULL),(270,100,8,8,8,NULL,NULL,NULL),(271,101,7,6,6,NULL,NULL,NULL),(272,101,8,5,5,NULL,NULL,NULL),(273,101,8,8,8,NULL,NULL,NULL),(274,102,7,7,7,NULL,NULL,NULL),(275,102,8,6,6,NULL,NULL,NULL),(276,102,8,5,5,NULL,NULL,NULL),(277,103,7,3,3,NULL,NULL,NULL),(278,103,8,4,4,NULL,NULL,NULL),(279,103,8,2,2,NULL,NULL,NULL),(280,104,7,2,2,NULL,NULL,NULL),(281,104,8,1,1,NULL,NULL,NULL),(282,104,8,3,3,NULL,NULL,NULL),(283,105,7,4,4,NULL,NULL,NULL),(284,105,8,6,6,NULL,NULL,NULL),(285,105,8,3,3,NULL,NULL,NULL),(286,106,14,6,6,'numbers/6.png',NULL,NULL),(287,106,13,9,9,'numbers/9.png',NULL,NULL),(288,107,15,1,1,'letters/p.png',NULL,NULL),(289,107,16,2,2,'letters/q.png',NULL,NULL),(290,107,16,3,3,'letters/d.png',NULL,NULL),(291,107,16,4,4,'letters/b.png',NULL,NULL),(292,108,15,1,1,'letters/q.png',NULL,NULL),(293,108,16,2,2,'letters/p.png',NULL,NULL),(294,108,16,3,3,'letters/d.png',NULL,NULL),(295,108,16,4,4,'letters/b.png',NULL,NULL),(296,109,15,1,1,'letters/d.png',NULL,NULL),(297,109,16,2,2,'letters/p.png',NULL,NULL),(298,109,16,3,3,'letters/q.png',NULL,NULL),(299,109,16,4,4,'letters/b.png',NULL,NULL),(300,110,15,1,1,'letters/b.png',NULL,NULL),(301,110,16,2,2,'letters/p.png',NULL,NULL),(302,110,16,3,3,'letters/q.png',NULL,NULL),(303,110,16,4,4,'letters/d.png',NULL,NULL),(304,111,15,1,1,'numbers/5_green.png',NULL,NULL),(305,111,16,2,2,'letters/s_green.png',NULL,NULL),(306,112,15,1,1,'letters/s_green.png',NULL,NULL),(307,112,16,2,2,'numbers/5_green.png',NULL,NULL),(308,113,15,1,1,'objects/words/castillo.png',NULL,NULL),(309,113,16,2,2,'objects/words/castillollo.png',NULL,NULL),(310,114,15,1,1,'objects/words/mariposa.png',NULL,NULL),(311,114,16,2,2,'objects/words/marisopa.png',NULL,NULL),(312,114,16,3,3,'objects/words/mariosa.png',NULL,NULL),(313,115,15,1,1,'objects/words/abeja.png',NULL,NULL),(314,115,16,2,2,'objects/words/adeja.png',NULL,NULL),(315,115,16,3,3,'objects/words/apeja.png',NULL,NULL),(316,116,15,1,1,'objects/words/ciervo.png',NULL,NULL),(317,116,16,2,2,'objects/words/cievo.png',NULL,NULL),(318,117,15,1,1,'objects/words/elefante.png',NULL,NULL),(319,117,16,2,2,'objects/words/el3fant3.png',NULL,NULL),(320,118,15,1,1,'objects/words/pulpo.png',NULL,NULL),(321,118,16,2,2,'objects/words/bulpo.png',NULL,NULL),(322,118,16,3,3,'objects/words/bulbo.png',NULL,NULL);
/*!40000 ALTER TABLE `question_possible_answers` ENABLE KEYS */;
UNLOCK TABLES;

--
-- Table structure for table `test_question_possible_answers`
--

DROP TABLE IF EXISTS `test_question_possible_answers`;
/*!40101 SET @saved_cs_client     = @@character_set_client */;
/*!50503 SET character_set_client = utf8mb4 */;
CREATE TABLE `test_question_possible_answers` (
  `id` bigint unsigned NOT NULL AUTO_INCREMENT,
  `test_id` bigint unsigned NOT NULL,
  `question_possible_answer_id` bigint unsigned NOT NULL,
  `answer` text COLLATE utf8mb4_unicode_ci NOT NULL,
  `created_at` timestamp NULL DEFAULT NULL,
  `updated_at` timestamp NULL DEFAULT NULL,
  PRIMARY KEY (`id`),
  KEY `test_question_possible_answers_test_id_foreign` (`test_id`),
  KEY `test_question_possible_answers_possible_answer_id_foreign` (`question_possible_answer_id`),
  CONSTRAINT `test_question_possible_answers_possible_answer_id_foreign` FOREIGN KEY (`question_possible_answer_id`) REFERENCES `question_possible_answers` (`id`),
  CONSTRAINT `test_question_possible_answers_test_id_foreign` FOREIGN KEY (`test_id`) REFERENCES `tests` (`id`)
) ENGINE=InnoDB AUTO_INCREMENT=881 DEFAULT CHARSET=utf8mb4 COLLATE=utf8mb4_unicode_ci;
/*!40101 SET character_set_client = @saved_cs_client */;

--
-- Dumping data for table `test_question_possible_answers`
--

LOCK TABLES `test_question_possible_answers` WRITE;
/*!40000 ALTER TABLE `test_question_possible_answers` DISABLE KEYS */;
INSERT INTO `test_question_possible_answers` VALUES (1,70,1,'5','2021-08-20 14:58:07','2021-08-20 14:58:07'),(2,71,1,'5','2021-08-20 14:58:49','2021-08-20 14:58:49'),(3,72,1,'5','2021-08-20 14:59:49','2021-08-20 14:59:49'),(4,72,1,'5','2021-08-20 15:01:01','2021-08-20 15:01:01'),(5,72,76,'1','2021-08-20 15:01:07','2021-08-20 15:01:07'),(6,72,88,'1','2021-08-20 15:01:12','2021-08-20 15:01:12'),(7,72,88,'1','2021-08-20 15:02:06','2021-08-20 15:02:06'),(8,72,88,'1','2021-08-20 15:03:18','2021-08-20 15:03:18'),(9,72,45,'31','2021-08-20 15:03:21','2021-08-20 15:03:21'),(10,72,22,'4','2021-08-20 15:03:25','2021-08-20 15:03:25'),(11,72,17,'3','2021-08-20 15:03:28','2021-08-20 15:03:28'),(12,72,72,'1','2021-08-20 15:03:31','2021-08-20 15:03:31'),(13,72,33,'6','2021-08-20 15:03:34','2021-08-20 15:03:34'),(14,72,68,'3','2021-08-20 15:03:37','2021-08-20 15:03:37'),(15,72,80,'2','2021-08-20 15:03:40','2021-08-20 15:03:40'),(16,72,70,'1','2021-08-20 15:03:42','2021-08-20 15:03:42'),(17,72,19,'2','2021-08-20 15:03:45','2021-08-20 15:03:45'),(18,72,31,'7','2021-08-20 15:03:48','2021-08-20 15:03:48'),(19,72,54,'3','2021-08-20 15:04:24','2021-08-20 15:04:24'),(20,72,74,'1','2021-08-20 15:04:27','2021-08-20 15:04:27'),(21,72,10,'2','2021-08-20 15:04:30','2021-08-20 15:04:30'),(22,72,61,'3','2021-08-20 15:04:34','2021-08-20 15:04:34'),(23,72,52,'3','2021-08-20 15:04:42','2021-08-20 15:04:42'),(24,72,82,'2','2021-08-20 15:04:52','2021-08-20 15:04:52'),(25,72,6,'2','2021-08-20 15:04:55','2021-08-20 15:04:55'),(26,72,84,'2','2021-08-20 15:05:14','2021-08-20 15:05:14'),(27,72,39,'87','2021-08-20 15:05:18','2021-08-20 15:05:18'),(28,72,42,'59','2021-08-20 15:05:20','2021-08-20 15:05:20'),(29,72,4,'2','2021-08-20 15:05:24','2021-08-20 15:05:24'),(30,72,38,'3','2021-08-20 15:05:26','2021-08-20 15:05:26'),(31,72,86,'2','2021-08-20 15:05:29','2021-08-20 15:05:29'),(32,72,28,'2','2021-08-20 15:05:32','2021-08-20 15:05:32'),(33,72,56,'2','2021-08-20 15:05:37','2021-08-20 15:05:37'),(34,73,2,'1','2021-08-20 17:08:27','2021-08-20 17:08:27'),(35,73,68,'12','2021-08-20 17:08:32','2021-08-20 17:08:32'),(36,73,26,'1','2021-08-20 17:08:39','2021-08-20 17:08:39'),(37,73,9,'14','2021-08-20 17:08:45','2021-08-20 17:08:45'),(38,73,11,'19','2021-08-20 17:08:53','2021-08-20 17:08:53'),(39,73,70,'1','2021-08-20 17:08:59','2021-08-20 17:08:59'),(40,73,43,'39','2021-08-20 17:09:08','2021-08-20 17:09:08'),(41,73,41,'71','2021-08-20 17:09:11','2021-08-20 17:09:11'),(42,73,80,'12','2021-08-20 17:09:17','2021-08-20 17:09:17'),(43,74,136,'9','2021-08-20 22:41:43','2021-08-20 22:41:43'),(44,74,136,'9','2021-08-20 22:42:39','2021-08-20 22:42:39'),(45,74,136,'9','2021-08-20 22:51:22','2021-08-20 22:51:22'),(46,74,136,'9','2021-08-20 22:51:48','2021-08-20 22:51:48'),(47,74,136,'9','2021-08-20 22:52:29','2021-08-20 22:52:29'),(48,74,136,'9','2021-08-20 22:52:36','2021-08-20 22:52:36'),(49,74,136,'9','2021-08-20 22:53:44','2021-08-20 22:53:44'),(50,74,136,'9','2021-08-20 22:54:04','2021-08-20 22:54:04'),(51,74,136,'9','2021-08-20 22:54:45','2021-08-20 22:54:45'),(52,74,136,'9','2021-08-20 22:54:52','2021-08-20 22:54:52'),(53,74,136,'9','2021-08-20 22:55:00','2021-08-20 22:55:00'),(54,74,136,'9','2021-08-20 22:55:41','2021-08-20 22:55:41'),(55,74,136,'9','2021-08-20 22:55:53','2021-08-20 22:55:53'),(56,74,136,'9','2021-08-20 22:58:08','2021-08-20 22:58:08'),(57,74,136,'9','2021-08-20 22:59:25','2021-08-20 22:59:25'),(58,74,136,'9','2021-08-20 23:00:27','2021-08-20 23:00:27'),(59,74,136,'9','2021-08-20 23:00:30','2021-08-20 23:00:30'),(60,74,136,'9','2021-08-20 23:01:18','2021-08-20 23:01:18'),(61,74,136,'9','2021-08-20 23:01:20','2021-08-20 23:01:20'),(62,74,136,'9','2021-08-20 23:01:22','2021-08-20 23:01:22'),(63,74,136,'9','2021-08-20 23:01:23','2021-08-20 23:01:23'),(64,74,136,'9','2021-08-20 23:01:25','2021-08-20 23:01:25'),(65,74,136,'9','2021-08-20 23:12:10','2021-08-20 23:12:10'),(66,74,136,'9','2021-08-20 23:12:26','2021-08-20 23:12:26'),(67,74,136,'9','2021-08-20 23:13:01','2021-08-20 23:13:01'),(68,74,136,'9','2021-08-20 23:14:13','2021-08-20 23:14:13'),(69,74,136,'9','2021-08-20 23:14:31','2021-08-20 23:14:31'),(70,74,136,'9','2021-08-20 23:14:40','2021-08-20 23:14:40'),(71,74,136,'9','2021-08-20 23:14:56','2021-08-20 23:14:56'),(72,75,1,'5','2021-08-20 23:15:28','2021-08-20 23:15:28'),(73,75,1,'5','2021-08-20 23:17:19','2021-08-20 23:17:19'),(74,75,1,'5','2021-08-20 23:21:43','2021-08-20 23:21:43'),(75,75,1,'5','2021-08-20 23:22:04','2021-08-20 23:22:04'),(76,75,1,'5','2021-08-20 23:22:06','2021-08-20 23:22:06'),(77,75,1,'5','2021-08-20 23:22:07','2021-08-20 23:22:07'),(78,75,1,'5','2021-08-20 23:22:09','2021-08-20 23:22:09'),(79,75,1,'5','2021-08-20 23:22:23','2021-08-20 23:22:23'),(80,75,1,'5','2021-08-20 23:22:45','2021-08-20 23:22:45'),(81,75,1,'5','2021-08-20 23:22:56','2021-08-20 23:22:56'),(82,75,1,'5','2021-08-20 23:24:55','2021-08-20 23:24:55'),(83,75,1,'5','2021-08-20 23:25:25','2021-08-20 23:25:25'),(84,75,1,'5','2021-08-20 23:25:55','2021-08-20 23:25:55'),(85,75,1,'5','2021-08-20 23:25:58','2021-08-20 23:25:58'),(86,75,1,'5','2021-08-20 23:25:59','2021-08-20 23:25:59'),(87,75,1,'5','2021-08-20 23:26:01','2021-08-20 23:26:01'),(88,75,1,'5','2021-08-20 23:26:02','2021-08-20 23:26:02'),(89,75,1,'5','2021-08-20 23:26:03','2021-08-20 23:26:03'),(90,75,1,'5','2021-08-20 23:26:04','2021-08-20 23:26:04'),(91,75,1,'5','2021-08-20 23:31:53','2021-08-20 23:31:53'),(92,76,1,'5','2021-08-20 23:32:37','2021-08-20 23:32:37'),(93,76,1,'5','2021-08-20 23:33:00','2021-08-20 23:33:00'),(94,76,1,'5','2021-08-20 23:33:04','2021-08-20 23:33:04'),(95,76,1,'5','2021-08-20 23:37:00','2021-08-20 23:37:00'),(96,77,1,'5','2021-08-20 23:38:24','2021-08-20 23:38:24'),(97,77,11,'19','2021-08-20 23:38:30','2021-08-20 23:38:30'),(98,77,3,'7','2021-08-20 23:38:36','2021-08-20 23:38:36'),(99,77,63,'4','2021-08-20 23:38:51','2021-08-20 23:38:51'),(100,77,57,'4','2021-08-20 23:38:54','2021-08-20 23:38:54'),(101,77,51,'2','2021-08-20 23:38:58','2021-08-20 23:38:58'),(102,77,77,'13','2021-08-20 23:45:34','2021-08-20 23:45:34'),(103,77,139,'6','2021-08-20 23:45:38','2021-08-20 23:45:38'),(104,77,75,'6','2021-08-20 23:45:43','2021-08-20 23:45:43'),(105,77,83,'30','2021-08-20 23:45:47','2021-08-20 23:45:47'),(106,77,79,'41','2021-08-20 23:45:51','2021-08-20 23:45:51'),(107,78,1,'5','2021-08-20 23:46:53','2021-08-20 23:46:53'),(108,78,25,'6','2021-08-20 23:47:00','2021-08-20 23:47:00'),(109,78,73,'9','2021-08-20 23:47:12','2021-08-20 23:47:12'),(110,78,21,'3','2021-08-20 23:47:46','2021-08-20 23:47:46'),(111,78,21,'3','2021-08-20 23:52:59','2021-08-20 23:52:59'),(112,78,21,'3','2021-08-20 23:53:19','2021-08-20 23:53:19'),(113,78,21,'3','2021-08-20 23:53:50','2021-08-20 23:53:50'),(114,78,21,'3','2021-08-20 23:54:59','2021-08-20 23:54:59'),(115,78,21,'3','2021-08-20 23:55:11','2021-08-20 23:55:11'),(116,78,21,'3','2021-08-20 23:59:54','2021-08-20 23:59:54'),(117,78,7,'5','2021-08-21 00:00:41','2021-08-21 00:00:41'),(118,85,47,'256','2021-08-21 00:01:51','2021-08-21 00:01:51'),(119,86,79,'41','2021-08-21 01:14:09','2021-08-21 01:14:09'),(120,86,27,'11','2021-08-21 01:14:17','2021-08-21 01:14:17'),(121,86,81,'70','2021-08-21 01:14:20','2021-08-21 01:14:20'),(122,86,21,'3','2021-08-21 01:14:25','2021-08-21 01:14:25'),(123,86,51,'2','2021-08-21 01:14:30','2021-08-21 01:14:30'),(124,86,7,'5','2021-08-21 01:14:34','2021-08-21 01:14:34'),(125,86,217,'5','2021-08-21 01:16:56','2021-08-21 01:16:56'),(126,86,71,'3','2021-08-21 01:17:01','2021-08-21 01:17:01'),(127,86,13,'23','2021-08-21 01:17:08','2021-08-21 01:17:08'),(128,86,17,'3','2021-08-21 01:17:13','2021-08-21 01:17:13'),(129,86,43,'39','2021-08-21 01:17:16','2021-08-21 01:17:16'),(130,87,75,'6','2021-08-21 01:18:28','2021-08-21 01:18:28'),(131,87,75,'6','2021-08-21 01:18:30','2021-08-21 01:18:30'),(132,87,75,'6','2021-08-21 01:18:32','2021-08-21 01:18:32'),(133,87,75,'6','2021-08-21 01:18:55','2021-08-21 01:18:55'),(134,87,75,'6','2021-08-21 01:19:28','2021-08-21 01:19:28'),(135,87,75,'6','2021-08-21 01:19:33','2021-08-21 01:19:33'),(136,87,75,'6','2021-08-21 01:19:35','2021-08-21 01:19:35'),(137,87,75,'6','2021-08-21 01:19:36','2021-08-21 01:19:36'),(138,87,75,'6','2021-08-21 01:25:06','2021-08-21 01:25:06'),(139,87,75,'6','2021-08-21 01:25:23','2021-08-21 01:25:23'),(140,87,65,'1','2021-08-21 01:25:41','2021-08-21 01:25:41'),(141,88,45,'31','2021-08-21 01:25:52','2021-08-21 01:25:52'),(142,89,3,'7','2021-08-21 01:26:13','2021-08-21 01:26:13'),(143,89,5,'8','2021-08-21 01:26:18','2021-08-21 01:26:18'),(144,89,83,'30','2021-08-21 01:26:23','2021-08-21 01:26:23'),(145,89,61,'3','2021-08-21 01:26:27','2021-08-21 01:26:27'),(146,89,53,'2','2021-08-21 01:26:30','2021-08-21 01:26:30'),(147,89,11,'19','2021-08-21 01:26:51','2021-08-21 01:26:51'),(148,89,11,'19','2021-08-21 01:27:07','2021-08-21 01:27:07'),(149,90,55,'1','2021-08-21 01:27:34','2021-08-21 01:27:34'),(150,90,29,'16','2021-08-21 01:27:38','2021-08-21 01:27:38'),(151,90,53,'2','2021-08-21 01:27:42','2021-08-21 01:27:42'),(152,90,5,'8','2021-08-21 01:27:45','2021-08-21 01:27:45'),(153,90,241,'26','2021-08-21 01:27:52','2021-08-21 01:27:52'),(154,90,31,'7','2021-08-21 01:28:27','2021-08-21 01:28:27'),(155,90,31,'7','2021-08-21 01:29:00','2021-08-21 01:29:00'),(156,91,227,'45','2021-08-21 01:29:48','2021-08-21 01:29:48'),(157,91,231,'7','2021-08-21 01:29:54','2021-08-21 01:29:54'),(158,91,61,'3','2021-08-21 01:29:58','2021-08-21 01:29:58'),(159,91,79,'41','2021-08-21 01:30:02','2021-08-21 01:30:02'),(160,91,41,'71','2021-08-21 01:30:06','2021-08-21 01:30:06'),(161,91,223,'74','2021-08-21 01:56:34','2021-08-21 01:56:34'),(162,91,33,'6','2021-08-21 01:56:42','2021-08-21 01:56:42'),(163,91,19,'2','2021-08-21 01:56:45','2021-08-21 01:56:45'),(164,91,5,'8','2021-08-21 01:56:48','2021-08-21 01:56:48'),(165,91,35,'4','2021-08-21 01:56:51','2021-08-21 01:56:51'),(166,91,85,'20','2021-08-21 01:56:54','2021-08-21 01:56:54'),(167,92,156,'5','2021-08-21 01:57:02','2021-08-21 01:57:02'),(168,92,161,'32','2021-08-21 01:57:12','2021-08-21 01:57:12'),(169,92,152,'32','2021-08-21 01:57:15','2021-08-21 01:57:15'),(170,92,213,'8','2021-08-21 01:57:19','2021-08-21 01:57:19'),(171,92,244,'42','2021-08-21 01:57:22','2021-08-21 01:57:22'),(172,92,219,'3','2021-08-21 01:57:26','2021-08-21 01:57:26'),(173,92,237,'9999','2021-08-21 01:58:18','2021-08-21 01:58:18'),(174,92,65,'1','2021-08-21 01:58:21','2021-08-21 01:58:21'),(175,92,15,'1','2021-08-21 01:58:25','2021-08-21 01:58:25'),(176,92,53,'2','2021-08-21 01:58:28','2021-08-21 01:58:28'),(177,92,59,'1','2021-08-21 01:58:32','2021-08-21 01:58:32'),(178,94,244,'42','2021-08-21 02:09:41','2021-08-21 02:09:41'),(179,94,34,'5','2021-08-21 02:09:44','2021-08-21 02:09:44'),(180,94,227,'45','2021-08-21 02:09:47','2021-08-21 02:09:47'),(181,94,152,'3','2021-08-21 02:09:50','2021-08-21 02:09:50'),(182,94,235,'73','2021-08-21 02:09:58','2021-08-21 02:09:58'),(183,94,145,'9','2021-08-21 02:10:02','2021-08-21 02:10:02'),(184,94,146,'9','2021-08-21 02:10:06','2021-08-21 02:10:06'),(185,94,158,'9','2021-08-21 02:10:09','2021-08-21 02:10:09'),(186,94,38,'3','2021-08-21 02:10:14','2021-08-21 02:10:14'),(187,94,45,'31','2021-08-21 02:10:15','2021-08-21 02:10:15'),(188,95,67,'8','2021-08-21 02:11:34','2021-08-21 02:11:34'),(189,95,227,'45','2021-08-21 02:11:38','2021-08-21 02:11:38'),(190,95,221,'15','2021-08-21 02:11:45','2021-08-21 02:11:45'),(191,95,229,'5','2021-08-21 02:11:59','2021-08-21 02:11:59'),(192,95,5,'8','2021-08-21 02:12:02','2021-08-21 02:12:02'),(193,95,53,'2','2021-08-21 02:12:06','2021-08-21 02:12:06'),(194,95,85,'20','2021-08-21 02:12:12','2021-08-21 02:12:12'),(195,95,41,'71','2021-08-21 02:12:14','2021-08-21 02:12:14'),(196,96,5,'8','2021-08-21 12:26:44','2021-08-21 12:26:44'),(197,96,73,'9','2021-08-21 12:26:49','2021-08-21 12:26:49'),(198,96,71,'3','2021-08-21 12:26:52','2021-08-21 12:26:52'),(199,96,211,'12','2021-08-21 12:26:56','2021-08-21 12:26:56'),(200,96,241,'26','2021-08-21 12:26:59','2021-08-21 12:26:59'),(201,96,229,'5','2021-08-21 12:27:02','2021-08-21 12:27:02'),(202,96,221,'15','2021-08-21 12:27:07','2021-08-21 12:27:07'),(203,96,65,'1','2021-08-21 12:27:10','2021-08-21 12:27:10'),(204,96,148,'12','2021-08-21 12:27:14','2021-08-21 12:27:14'),(205,96,45,'31','2021-08-21 12:27:16','2021-08-21 12:27:16'),(206,96,75,'6','2021-08-21 12:27:26','2021-08-21 12:27:26'),(207,96,75,'6','2021-08-21 12:28:18','2021-08-21 12:28:18'),(208,97,78,'1','2021-08-21 12:28:27','2021-08-21 12:28:27'),(209,97,68,'1','2021-08-21 12:28:29','2021-08-21 12:28:29'),(210,97,29,'16','2021-08-21 12:28:31','2021-08-21 12:28:31'),(211,97,12,'1','2021-08-21 12:28:34','2021-08-21 12:28:34'),(212,97,233,'16','2021-08-21 12:29:16','2021-08-21 12:29:16'),(213,97,213,'8','2021-08-21 12:29:20','2021-08-21 12:29:20'),(214,97,244,'42','2021-08-21 12:29:25','2021-08-21 12:29:25'),(215,97,3,'7','2021-08-21 12:29:29','2021-08-21 12:29:29'),(216,97,9,'14','2021-08-21 12:29:34','2021-08-21 12:29:34'),(217,97,61,'3','2021-08-21 12:29:37','2021-08-21 12:29:37'),(218,97,17,'3','2021-08-21 12:29:40','2021-08-21 12:29:40'),(219,97,17,'3','2021-08-21 12:30:43','2021-08-21 12:30:43'),(220,98,29,'16','2021-08-21 12:39:31','2021-08-21 12:39:31'),(221,98,235,'73','2021-08-21 12:40:20','2021-08-21 12:40:20'),(222,98,51,'2','2021-08-21 12:40:29','2021-08-21 12:40:29'),(223,98,12,'3','2021-08-21 12:40:32','2021-08-21 12:40:32'),(224,98,36,'3','2021-08-21 12:40:34','2021-08-21 12:40:34'),(225,98,55,'1','2021-08-21 12:40:37','2021-08-21 12:40:37'),(226,98,229,'5','2021-08-21 12:40:40','2021-08-21 12:40:40'),(227,98,67,'8','2021-08-21 12:40:43','2021-08-21 12:40:43'),(228,98,53,'2','2021-08-21 12:40:46','2021-08-21 12:40:46'),(229,98,225,'6','2021-08-21 12:40:49','2021-08-21 12:40:49'),(230,98,7,'5','2021-08-21 12:40:52','2021-08-21 12:40:52'),(231,101,87,'80','2021-08-21 12:45:27','2021-08-21 12:45:27'),(232,101,13,'23','2021-08-21 12:45:31','2021-08-21 12:45:31'),(233,101,221,'15','2021-08-21 12:45:35','2021-08-21 12:45:35'),(234,101,229,'5','2021-08-21 12:45:38','2021-08-21 12:45:38'),(235,101,219,'3','2021-08-21 12:45:41','2021-08-21 12:45:41'),(236,101,59,'1','2021-08-21 12:45:44','2021-08-21 12:45:44'),(237,101,19,'2','2021-08-21 12:45:48','2021-08-21 12:45:48'),(238,101,9,'14','2021-08-21 12:45:52','2021-08-21 12:45:52'),(239,101,57,'4','2021-08-21 12:45:55','2021-08-21 12:45:55'),(240,101,83,'30','2021-08-21 12:45:58','2021-08-21 12:45:58'),(241,101,55,'1','2021-08-21 12:46:01','2021-08-21 12:46:01'),(242,101,55,'1','2021-08-21 12:46:50','2021-08-21 12:46:50'),(243,101,55,'1','2021-08-21 12:46:55','2021-08-21 12:46:55'),(244,101,55,'1','2021-08-21 12:47:21','2021-08-21 12:47:21'),(245,101,55,'1','2021-08-21 12:48:08','2021-08-21 12:48:08'),(246,101,55,'1','2021-08-21 12:48:30','2021-08-21 12:48:30'),(247,101,55,'1','2021-08-21 12:49:04','2021-08-21 12:49:04'),(248,102,49,'460','2021-08-21 12:49:30','2021-08-21 12:49:30'),(249,102,83,'30','2021-08-21 12:49:40','2021-08-21 12:49:40'),(250,102,45,'31','2021-08-21 12:49:55','2021-08-21 12:49:55'),(251,102,241,'26','2021-08-21 12:50:11','2021-08-21 12:50:11'),(252,102,221,'15','2021-08-21 12:50:15','2021-08-21 12:50:15'),(253,102,215,'29','2021-08-21 12:50:18','2021-08-21 12:50:18'),(254,102,1,'5','2021-08-21 12:50:22','2021-08-21 12:50:22'),(255,102,59,'1','2021-08-21 12:50:25','2021-08-21 12:50:25'),(256,102,229,'5','2021-08-21 12:50:28','2021-08-21 12:50:28'),(257,102,231,'7','2021-08-21 12:50:32','2021-08-21 12:50:32'),(258,102,51,'2','2021-08-21 12:50:35','2021-08-21 12:50:35'),(259,103,159,'8','2021-08-21 13:02:51','2021-08-21 13:02:51'),(260,103,229,'5','2021-08-21 13:02:56','2021-08-21 13:02:56'),(261,103,223,'74','2021-08-21 13:02:59','2021-08-21 13:02:59'),(262,103,158,'74','2021-08-21 13:03:03','2021-08-21 13:03:03'),(263,103,53,'2','2021-08-21 13:03:07','2021-08-21 13:03:07'),(264,103,221,'15','2021-08-21 13:03:11','2021-08-21 13:03:11'),(265,103,55,'1','2021-08-21 13:03:15','2021-08-21 13:03:15'),(266,103,59,'1','2021-08-21 13:03:19','2021-08-21 13:03:19'),(267,103,143,'7','2021-08-21 13:03:25','2021-08-21 13:03:25'),(268,103,3,'7','2021-08-21 13:03:32','2021-08-21 13:03:32'),(269,103,163,'14','2021-08-21 13:03:35','2021-08-21 13:03:35'),(270,103,163,'14','2021-08-21 13:05:15','2021-08-21 13:05:15'),(271,103,163,'14','2021-08-21 13:06:53','2021-08-21 13:06:53'),(272,103,163,'14','2021-08-21 13:07:03','2021-08-21 13:07:03'),(273,104,30,'10','2021-08-21 13:16:19','2021-08-21 13:16:19'),(274,104,244,'42','2021-08-21 13:16:23','2021-08-21 13:16:23'),(275,104,160,'4','2021-08-21 13:16:59','2021-08-21 13:16:59'),(276,104,70,'1','2021-08-21 13:17:02','2021-08-21 13:17:02'),(277,104,231,'7','2021-08-21 13:17:05','2021-08-21 13:17:05'),(278,104,211,'12','2021-08-21 13:17:12','2021-08-21 13:17:12'),(279,104,225,'6','2021-08-21 13:17:16','2021-08-21 13:17:16'),(280,104,227,'45','2021-08-21 13:17:19','2021-08-21 13:17:19'),(281,104,64,'2','2021-08-21 13:17:22','2021-08-21 13:17:22'),(282,104,32,'2','2021-08-21 13:17:25','2021-08-21 13:17:25'),(283,104,24,'4','2021-08-21 13:17:30','2021-08-21 13:17:30'),(284,105,215,'29','2021-08-21 13:29:20','2021-08-21 13:29:20'),(285,105,159,'14','2021-08-21 13:29:25','2021-08-21 13:29:25'),(286,105,140,'99','2021-08-21 13:29:31','2021-08-21 13:29:31'),(287,105,44,'32','2021-08-21 13:29:33','2021-08-21 13:29:33'),(288,105,211,'12','2021-08-21 13:29:37','2021-08-21 13:29:37'),(289,105,231,'7','2021-08-21 13:29:40','2021-08-21 13:29:40'),(290,105,11,'19','2021-08-21 13:29:43','2021-08-21 13:29:43'),(291,105,61,'3','2021-08-21 13:29:46','2021-08-21 13:29:46'),(292,105,59,'1','2021-08-21 13:29:49','2021-08-21 13:29:49'),(293,105,160,'98','2021-08-21 13:29:55','2021-08-21 13:29:55'),(294,105,85,'20','2021-08-21 13:29:59','2021-08-21 13:29:59'),(295,106,84,'19','2021-08-21 13:40:11','2021-08-21 13:40:11'),(296,106,219,'3','2021-08-21 13:40:16','2021-08-21 13:40:16'),(297,106,143,'45','2021-08-21 13:40:20','2021-08-21 13:40:20'),(298,106,211,'12','2021-08-21 13:40:23','2021-08-21 13:40:23'),(299,106,145,'74','2021-08-21 13:40:27','2021-08-21 13:40:27'),(300,106,235,'73','2021-08-21 13:40:31','2021-08-21 13:40:31'),(301,106,152,'15','2021-08-21 13:40:34','2021-08-21 13:40:34'),(302,106,231,'7','2021-08-21 13:40:38','2021-08-21 13:40:38'),(303,106,14,'14','2021-08-21 13:40:41','2021-08-21 13:40:41'),(304,106,150,'35','2021-08-21 13:40:45','2021-08-21 13:40:45'),(305,106,138,'54','2021-08-21 13:40:48','2021-08-21 13:40:48'),(306,120,37,'8','2021-10-09 16:07:39','2021-10-09 16:07:39'),(307,120,233,'16','2021-10-09 16:09:06','2021-10-09 16:09:06'),(308,127,7,'5','2021-10-09 16:40:33','2021-10-09 16:40:33'),(309,127,7,'5','2021-10-09 16:45:40','2021-10-09 16:45:40'),(310,127,7,'5','2021-10-09 16:45:57','2021-10-09 16:45:57'),(311,127,7,'5','2021-10-09 16:50:14','2021-10-09 16:50:14'),(312,127,7,'5','2021-10-09 16:50:51','2021-10-09 16:50:51'),(313,127,7,'5','2021-10-09 16:51:12','2021-10-09 16:51:12'),(314,127,7,'5','2021-10-09 16:51:28','2021-10-09 16:51:28'),(315,127,7,'5','2021-10-09 16:51:59','2021-10-09 16:51:59'),(316,127,7,'5','2021-10-09 16:56:45','2021-10-09 16:56:45'),(317,127,7,'5','2021-10-09 17:10:24','2021-10-09 17:10:24'),(318,127,7,'5','2021-10-09 17:10:39','2021-10-09 17:10:39'),(319,128,15,'1','2021-10-09 17:11:11','2021-10-09 17:11:11'),(320,128,221,'15','2021-10-09 17:11:16','2021-10-09 17:11:16'),(321,130,61,'3','2021-10-09 17:15:47','2021-10-09 17:15:47'),(322,130,39,'87','2021-10-09 17:15:50','2021-10-09 17:15:50'),(323,131,49,'460','2021-10-09 17:26:09','2021-10-09 17:26:09'),(324,131,21,'3','2021-10-09 17:26:12','2021-10-09 17:26:12'),(325,131,246,'4','2021-10-09 17:26:20','2021-10-09 17:26:20'),(326,133,231,'7','2021-10-09 17:48:04','2021-10-09 17:48:04'),(327,133,149,'15','2021-10-09 17:48:18','2021-10-09 17:48:18'),(328,134,221,'15','2021-10-09 20:21:40','2021-10-09 20:21:40'),(329,134,225,'6','2021-10-09 20:21:43','2021-10-09 20:21:43'),(330,134,71,'3','2021-10-09 20:21:52','2021-10-09 20:21:52'),(331,134,63,'4','2021-10-09 20:21:55','2021-10-09 20:21:55'),(332,134,241,'26','2021-10-09 20:21:58','2021-10-09 20:21:58'),(333,134,13,'23','2021-10-09 20:22:02','2021-10-09 20:22:02'),(334,134,19,'2','2021-10-09 20:22:04','2021-10-09 20:22:04'),(335,134,25,'6','2021-10-09 20:22:11','2021-10-09 20:22:11'),(336,134,67,'8','2021-10-09 20:22:16','2021-10-09 20:22:16'),(337,134,219,'3','2021-10-09 20:22:19','2021-10-09 20:22:19'),(338,134,57,'4','2021-10-09 20:22:22','2021-10-09 20:22:22'),(339,135,244,'42','2021-10-09 20:22:27','2021-10-09 20:22:27'),(340,135,152,'25','2021-10-09 20:22:30','2021-10-09 20:22:30'),(341,135,149,'69','2021-10-09 20:22:33','2021-10-09 20:22:33'),(342,135,225,'6','2021-10-09 20:22:36','2021-10-09 20:22:36'),(343,135,217,'5','2021-10-09 20:22:39','2021-10-09 20:22:39'),(344,135,23,'8','2021-10-09 20:22:43','2021-10-09 20:22:43'),(345,135,69,'7','2021-10-09 20:22:47','2021-10-09 20:22:47'),(346,135,59,'1','2021-10-09 20:22:49','2021-10-09 20:22:49'),(347,135,17,'3','2021-10-09 20:22:53','2021-10-09 20:22:53'),(348,135,158,'52','2021-10-09 20:22:57','2021-10-09 20:22:57'),(349,140,77,'13','2021-10-10 13:33:05','2021-10-10 13:33:05'),(350,140,81,'70','2021-10-10 13:33:09','2021-10-10 13:33:09'),(351,140,13,'23','2021-10-10 13:37:33','2021-10-10 13:37:33'),(352,140,219,'3','2021-10-10 13:38:25','2021-10-10 13:38:25'),(353,140,217,'5','2021-10-10 13:38:44','2021-10-10 13:38:44'),(354,140,211,'12','2021-10-10 13:39:18','2021-10-10 13:39:18'),(355,140,148,'8','2021-10-10 13:39:25','2021-10-10 13:39:25'),(356,140,85,'20','2021-10-10 13:39:29','2021-10-10 13:39:29'),(357,140,29,'16','2021-10-10 13:39:33','2021-10-10 13:39:33'),(358,141,53,'2','2021-10-10 13:39:54','2021-10-10 13:39:54'),(359,141,19,'2','2021-10-10 13:44:02','2021-10-10 13:44:02'),(360,141,19,'2','2021-10-10 13:45:31','2021-10-10 13:45:31'),(361,141,223,'74','2021-10-10 13:45:40','2021-10-10 13:45:40'),(362,141,231,'7','2021-10-10 13:46:37','2021-10-10 13:46:37'),(363,141,213,'8','2021-10-10 13:47:11','2021-10-10 13:47:11'),(364,142,5,'8','2021-10-10 13:48:47','2021-10-10 13:48:47'),(365,143,221,'15','2021-10-11 14:25:49','2021-10-11 14:25:49'),(366,143,51,'2','2021-10-11 14:25:52','2021-10-11 14:25:52'),(367,143,71,'3','2021-10-11 15:18:29','2021-10-11 15:18:29'),(368,143,247,'4','2021-10-11 15:18:35','2021-10-11 15:18:35'),(369,143,248,'8','2021-10-11 15:19:27','2021-10-11 15:19:27'),(370,144,247,'4','2021-10-11 15:19:42','2021-10-11 15:19:42'),(371,145,248,'8','2021-10-11 15:19:47','2021-10-11 15:19:47'),(372,146,256,'9','2021-10-11 15:35:01','2021-10-11 15:35:01'),(373,146,254,'9','2021-10-11 15:35:04','2021-10-11 15:35:04'),(374,146,259,'16','2021-10-11 15:35:07','2021-10-11 15:35:07'),(375,146,275,'6','2021-10-11 15:35:09','2021-10-11 15:35:09'),(376,146,281,'1','2021-10-11 15:35:11','2021-10-11 15:35:11'),(377,146,283,'4','2021-10-11 15:35:13','2021-10-11 15:35:13'),(378,146,283,'4','2021-10-11 15:37:06','2021-10-11 15:37:06'),(379,146,265,'5','2021-10-11 15:37:14','2021-10-11 15:37:14'),(380,148,283,'4','2021-10-11 17:49:11','2021-10-11 17:49:11'),(381,149,283,'4','2021-10-11 18:15:30','2021-10-11 18:15:30'),(382,149,283,'4','2021-10-11 18:16:12','2021-10-11 18:16:12'),(383,149,283,'4','2021-10-11 18:22:48','2021-10-11 18:22:48'),(384,149,283,'4','2021-10-11 18:34:02','2021-10-11 18:34:02'),(385,149,283,'4','2021-10-11 18:36:09','2021-10-11 18:36:09'),(386,149,283,'4','2021-10-11 18:36:22','2021-10-11 18:36:22'),(387,149,283,'4','2021-10-11 18:36:36','2021-10-11 18:36:36'),(388,149,283,'4','2021-10-11 18:36:57','2021-10-11 18:36:57'),(389,149,283,'4','2021-10-11 18:43:24','2021-10-11 18:43:24'),(390,149,283,'4','2021-10-11 18:48:47','2021-10-11 18:48:47'),(391,149,283,'4','2021-10-11 18:49:17','2021-10-11 18:49:17'),(392,150,283,'4','2021-10-11 18:49:22','2021-10-11 18:49:22'),(393,150,283,'4','2021-10-11 18:50:03','2021-10-11 18:50:03'),(394,150,283,'4','2021-10-11 18:52:40','2021-10-11 18:52:40'),(395,150,283,'4','2021-10-11 18:52:59','2021-10-11 18:52:59'),(396,150,283,'4','2021-10-11 18:53:54','2021-10-11 18:53:54'),(397,150,283,'4','2021-10-11 18:54:53','2021-10-11 18:54:53'),(398,150,283,'4','2021-10-11 19:01:21','2021-10-11 19:01:21'),(399,150,283,'4','2021-10-11 19:01:59','2021-10-11 19:01:59'),(400,150,283,'4','2021-10-11 19:02:12','2021-10-11 19:02:12'),(401,150,283,'4','2021-10-11 19:02:42','2021-10-11 19:02:42'),(402,150,283,'4','2021-10-11 19:02:49','2021-10-11 19:02:49'),(403,153,283,'4','2021-10-11 19:03:27','2021-10-11 19:03:27'),(404,153,283,'4','2021-10-11 19:06:08','2021-10-11 19:06:08'),(405,153,283,'4','2021-10-11 19:06:55','2021-10-11 19:06:55'),(406,153,283,'4','2021-10-11 19:07:41','2021-10-11 19:07:41'),(407,153,283,'4','2021-10-11 19:08:22','2021-10-11 19:08:22'),(408,153,283,'4','2021-10-11 19:09:11','2021-10-11 19:09:11'),(409,153,283,'4','2021-10-11 19:09:26','2021-10-11 19:09:26'),(410,153,283,'4','2021-10-11 19:09:42','2021-10-11 19:09:42'),(411,153,283,'4','2021-10-11 19:09:53','2021-10-11 19:09:53'),(412,153,283,'4','2021-10-11 19:15:51','2021-10-11 19:15:51'),(413,153,283,'4','2021-10-11 19:16:42','2021-10-11 19:16:42'),(414,155,283,'4','2021-10-11 19:19:34','2021-10-11 19:19:34'),(415,155,283,'4','2021-10-11 19:20:05','2021-10-11 19:20:05'),(416,155,283,'4','2021-10-11 19:20:17','2021-10-11 19:20:17'),(417,155,283,'4','2021-10-11 19:20:34','2021-10-11 19:20:34'),(418,155,283,'4','2021-10-11 19:32:30','2021-10-11 19:32:30'),(419,155,283,'4','2021-10-11 19:32:48','2021-10-11 19:32:48'),(420,155,283,'4','2021-10-11 19:38:43','2021-10-11 19:38:43'),(421,155,283,'4','2021-10-11 19:39:05','2021-10-11 19:39:05'),(422,155,283,'4','2021-10-11 19:44:19','2021-10-11 19:44:19'),(423,155,283,'4','2021-10-11 19:44:32','2021-10-11 19:44:32'),(424,155,283,'4','2021-10-11 19:44:52','2021-10-11 19:44:52'),(425,156,283,'4','2021-10-11 19:44:57','2021-10-11 19:44:57'),(426,156,283,'4','2021-10-11 19:45:27','2021-10-11 19:45:27'),(427,156,283,'4','2021-10-11 19:45:50','2021-10-11 19:45:50'),(428,156,283,'4','2021-10-11 19:50:37','2021-10-11 19:50:37'),(429,156,283,'4','2021-10-11 19:52:19','2021-10-11 19:52:19'),(430,156,283,'4','2021-10-11 19:53:54','2021-10-11 19:53:54'),(431,156,283,'4','2021-10-11 19:54:52','2021-10-11 19:54:52'),(432,156,283,'4','2021-10-11 19:56:16','2021-10-11 19:56:16'),(433,156,283,'4','2021-10-11 19:56:42','2021-10-11 19:56:42'),(434,156,283,'4','2021-10-11 19:57:25','2021-10-11 19:57:25'),(435,156,283,'4','2021-10-11 19:57:53','2021-10-11 19:57:53'),(436,160,283,'4','2021-10-11 20:02:13','2021-10-11 20:02:13'),(437,160,283,'4','2021-10-11 20:03:33','2021-10-11 20:03:33'),(438,160,283,'4','2021-10-11 20:05:49','2021-10-11 20:05:49'),(439,160,283,'4','2021-10-11 20:06:24','2021-10-11 20:06:24'),(440,160,283,'4','2021-10-11 20:07:23','2021-10-11 20:07:23'),(441,160,283,'4','2021-10-11 20:12:10','2021-10-11 20:12:10'),(442,160,283,'4','2021-10-11 20:13:03','2021-10-11 20:13:03'),(443,160,283,'4','2021-10-11 20:13:51','2021-10-11 20:13:51'),(444,161,283,'4','2021-10-11 20:17:12','2021-10-11 20:17:12'),(445,161,283,'4','2021-10-11 20:20:34','2021-10-11 20:20:34'),(446,161,283,'4','2021-10-11 20:21:00','2021-10-11 20:21:00'),(447,161,283,'4','2021-10-11 20:24:35','2021-10-11 20:24:35'),(448,161,283,'4','2021-10-11 20:25:30','2021-10-11 20:25:30'),(449,161,283,'4','2021-10-11 20:25:55','2021-10-11 20:25:55'),(450,161,283,'4','2021-10-11 20:30:46','2021-10-11 20:30:46'),(451,161,290,'3','2021-10-11 21:08:44','2021-10-11 21:08:44'),(452,161,292,'1','2021-10-11 21:08:50','2021-10-11 21:08:50'),(453,161,299,'4','2021-10-11 21:08:56','2021-10-11 21:08:56'),(454,161,303,'4','2021-10-11 21:08:59','2021-10-11 21:08:59'),(455,162,301,'2','2021-10-11 21:10:38','2021-10-11 21:10:38'),(456,162,294,'3','2021-10-11 21:11:04','2021-10-11 21:11:04'),(457,162,294,'3','2021-10-11 21:12:24','2021-10-11 21:12:24'),(458,162,294,'3','2021-10-11 21:13:20','2021-10-11 21:13:20'),(459,162,294,'3','2021-10-11 21:13:45','2021-10-11 21:13:45'),(460,162,294,'3','2021-10-11 21:14:53','2021-10-11 21:14:53'),(461,162,294,'3','2021-10-11 21:15:43','2021-10-11 21:15:43'),(462,164,304,'1','2021-10-12 22:57:27','2021-10-12 22:57:27'),(463,164,306,'1','2021-10-12 22:57:31','2021-10-12 22:57:31'),(464,165,307,'2','2021-10-12 22:57:38','2021-10-12 22:57:38'),(465,165,305,'2','2021-10-12 22:57:42','2021-10-12 22:57:42'),(466,166,304,'1','2021-10-12 22:58:01','2021-10-12 22:58:01'),(467,166,306,'1','2021-10-12 22:58:05','2021-10-12 22:58:05'),(468,166,304,'1','2021-10-12 23:01:48','2021-10-12 23:01:48'),(469,171,309,'2','2021-10-12 23:25:02','2021-10-12 23:25:02'),(470,172,309,'2','2021-10-12 23:25:09','2021-10-12 23:25:09'),(471,173,309,'2','2021-10-12 23:25:17','2021-10-12 23:25:17'),(472,174,308,'1','2021-10-12 23:26:07','2021-10-12 23:26:07'),(473,175,309,'2','2021-10-12 23:26:14','2021-10-12 23:26:14'),(474,182,308,'1','2021-10-12 23:38:13','2021-10-12 23:38:13'),(475,182,311,'2','2021-10-12 23:38:18','2021-10-12 23:38:18'),(476,183,309,'2','2021-10-12 23:51:34','2021-10-12 23:51:34'),(477,183,309,'2','2021-10-12 23:51:56','2021-10-12 23:51:56'),(478,183,312,'3','2021-10-12 23:52:16','2021-10-12 23:52:16'),(479,183,318,'1','2021-10-12 23:52:21','2021-10-12 23:52:21'),(480,183,315,'3','2021-10-12 23:52:26','2021-10-12 23:52:26'),(481,183,316,'1','2021-10-12 23:52:31','2021-10-12 23:52:31'),(482,183,316,'1','2021-10-12 23:53:09','2021-10-12 23:53:09'),(483,183,321,'2','2021-10-12 23:53:19','2021-10-12 23:53:19'),(484,184,308,'1','2021-10-12 23:53:26','2021-10-12 23:53:26'),(485,184,320,'1','2021-10-12 23:53:31','2021-10-12 23:53:31'),(486,184,313,'1','2021-10-12 23:53:35','2021-10-12 23:53:35'),(487,184,310,'1','2021-10-12 23:53:40','2021-10-12 23:53:40'),(488,184,316,'1','2021-10-12 23:53:43','2021-10-12 23:53:43'),(489,184,318,'1','2021-10-12 23:53:46','2021-10-12 23:53:46'),(490,203,213,'8','2021-10-15 14:47:05','2021-10-15 14:47:05'),(491,205,268,'7','2021-10-15 14:49:46','2021-10-15 14:49:46'),(492,205,1,'5','2021-10-15 14:49:50','2021-10-15 14:49:50'),(493,205,29,'16','2021-10-15 14:49:53','2021-10-15 14:49:53'),(494,205,288,'1','2021-10-15 14:49:59','2021-10-15 14:49:59'),(495,205,308,'1','2021-10-15 14:50:03','2021-10-15 14:50:03'),(496,205,157,'2','2021-10-15 14:50:10','2021-10-15 14:50:10'),(497,205,247,'4','2021-10-15 14:50:12','2021-10-15 14:50:12'),(498,205,211,'12','2021-10-15 14:50:17','2021-10-15 14:50:17'),(499,205,51,'2','2021-10-15 14:50:21','2021-10-15 14:50:21'),(500,205,51,'2','2021-10-15 14:53:26','2021-10-15 14:53:26'),(501,206,309,'2','2021-10-15 14:53:45','2021-10-15 14:53:45'),(502,206,1,'5','2021-10-15 14:53:50','2021-10-15 14:53:50'),(503,206,289,'2','2021-10-15 14:53:53','2021-10-15 14:53:53'),(504,206,268,'7','2021-10-15 14:53:58','2021-10-15 14:53:58'),(505,206,29,'16','2021-10-15 14:54:00','2021-10-15 14:54:00'),(506,206,65,'1','2021-10-15 14:54:05','2021-10-15 14:54:05'),(507,206,211,'12','2021-10-15 14:54:09','2021-10-15 14:54:09'),(508,206,51,'2','2021-10-15 14:54:12','2021-10-15 14:54:12'),(509,206,247,'4','2021-10-15 14:54:15','2021-10-15 14:54:15'),(510,209,308,'1','2021-10-15 16:13:25','2021-10-15 16:13:25'),(511,210,29,'16','2021-10-15 16:14:02','2021-10-15 16:14:02'),(512,210,211,'12','2021-10-15 16:14:06','2021-10-15 16:14:06'),(513,210,247,'4','2021-10-15 16:14:08','2021-10-15 16:14:08'),(514,210,1,'5','2021-10-15 16:14:13','2021-10-15 16:14:13'),(515,210,288,'1','2021-10-15 16:14:18','2021-10-15 16:14:18'),(516,210,308,'1','2021-10-15 16:14:34','2021-10-15 16:14:34'),(517,210,51,'2','2021-10-15 16:14:39','2021-10-15 16:14:39'),(518,210,65,'1','2021-10-15 16:14:43','2021-10-15 16:14:43'),(519,211,65,'1','2021-10-15 16:15:03','2021-10-15 16:15:03'),(520,211,247,'4','2021-10-15 16:15:24','2021-10-15 16:15:24'),(521,211,247,'4','2021-10-15 16:16:22','2021-10-15 16:16:22'),(522,211,247,'4','2021-10-15 16:16:28','2021-10-15 16:16:28'),(523,211,211,'12','2021-10-15 16:16:35','2021-10-15 16:16:35'),(524,213,29,'16','2021-10-15 16:18:15','2021-10-15 16:18:15'),(525,213,289,'2','2021-10-15 16:18:19','2021-10-15 16:18:19'),(526,213,289,'2','2021-10-15 16:18:42','2021-10-15 16:18:42'),(527,213,289,'2','2021-10-15 16:19:16','2021-10-15 16:19:16'),(528,213,211,'12','2021-10-15 16:19:20','2021-10-15 16:19:20'),(529,213,247,'4','2021-10-15 16:19:22','2021-10-15 16:19:22'),(530,213,309,'2','2021-10-15 16:19:25','2021-10-15 16:19:25'),(531,213,1,'5','2021-10-15 16:19:29','2021-10-15 16:19:29'),(532,213,65,'1','2021-10-15 16:19:33','2021-10-15 16:19:33'),(533,213,51,'2','2021-10-15 16:19:36','2021-10-15 16:19:36'),(534,214,29,'16','2021-10-15 16:19:42','2021-10-15 16:19:42'),(535,214,1,'5','2021-10-15 16:19:46','2021-10-15 16:19:46'),(536,214,51,'2','2021-10-15 16:19:49','2021-10-15 16:19:49'),(537,214,211,'12','2021-10-15 16:19:52','2021-10-15 16:19:52'),(538,214,308,'1','2021-10-15 16:19:57','2021-10-15 16:19:57'),(539,214,291,'4','2021-10-15 16:22:07','2021-10-15 16:22:07'),(540,216,1,'5','2021-10-15 16:44:02','2021-10-15 16:44:02'),(541,217,309,'2','2021-10-15 20:54:43','2021-10-15 20:54:43'),(542,217,211,'12','2021-10-15 20:54:48','2021-10-15 20:54:48'),(543,217,29,'16','2021-10-15 20:54:53','2021-10-15 20:54:53'),(544,217,289,'2','2021-10-15 20:55:26','2021-10-15 20:55:26'),(545,217,247,'4','2021-10-15 20:55:29','2021-10-15 20:55:29'),(546,217,65,'1','2021-10-15 20:55:33','2021-10-15 20:55:33'),(547,217,1,'5','2021-10-15 20:55:37','2021-10-15 20:55:37'),(548,217,51,'2','2021-10-15 20:55:40','2021-10-15 20:55:40'),(549,219,29,'16','2021-10-16 13:07:25','2021-10-16 13:07:25'),(550,219,211,'12','2021-10-16 13:07:37','2021-10-16 13:07:37'),(551,219,247,'4','2021-10-16 13:07:39','2021-10-16 13:07:39'),(552,219,51,'2','2021-10-16 13:07:43','2021-10-16 13:07:43'),(553,219,288,'1','2021-10-16 13:07:49','2021-10-16 13:07:49'),(554,219,308,'1','2021-10-16 13:07:52','2021-10-16 13:07:52'),(555,219,65,'1','2021-10-16 13:07:56','2021-10-16 13:07:56'),(556,219,1,'5','2021-10-16 13:08:01','2021-10-16 13:08:01'),(557,220,288,'1','2021-10-16 13:14:16','2021-10-16 13:14:16'),(558,220,214,'3','2021-10-16 13:14:23','2021-10-16 13:14:23'),(559,220,308,'1','2021-10-16 13:14:27','2021-10-16 13:14:27'),(560,220,29,'16','2021-10-16 13:14:29','2021-10-16 13:14:29'),(561,220,1,'5','2021-10-16 13:14:33','2021-10-16 13:14:33'),(562,220,247,'4','2021-10-16 13:14:35','2021-10-16 13:14:35'),(563,220,65,'1','2021-10-16 13:14:39','2021-10-16 13:14:39'),(564,221,308,'1','2021-10-16 13:29:38','2021-10-16 13:29:38'),(565,221,1,'5','2021-10-16 13:30:19','2021-10-16 13:30:19'),(566,222,157,'5','2021-10-16 13:31:28','2021-10-16 13:31:28'),(567,222,290,'3','2021-10-16 13:31:32','2021-10-16 13:31:32'),(568,222,214,'3','2021-10-16 13:31:35','2021-10-16 13:31:35'),(569,222,309,'2','2021-10-16 13:31:39','2021-10-16 13:31:39'),(570,222,1,'5','2021-10-16 13:31:43','2021-10-16 13:31:43'),(571,222,247,'4','2021-10-16 13:31:45','2021-10-16 13:31:45'),(572,222,29,'16','2021-10-16 13:31:48','2021-10-16 13:31:48'),(573,224,247,'4','2021-10-16 14:38:45','2021-10-16 14:38:45'),(574,224,309,'2','2021-10-16 14:38:49','2021-10-16 14:38:49'),(575,224,1,'5','2021-10-16 14:38:54','2021-10-16 14:38:54'),(576,224,213,'8','2021-10-16 14:39:01','2021-10-16 14:39:01'),(577,224,290,'3','2021-10-16 14:39:05','2021-10-16 14:39:05'),(578,224,29,'16','2021-10-16 14:39:08','2021-10-16 14:39:08'),(579,224,65,'1','2021-10-16 14:39:12','2021-10-16 14:39:12'),(580,225,289,'2','2021-10-23 17:50:30','2021-10-23 17:50:30'),(581,225,29,'16','2021-10-23 17:50:39','2021-10-23 17:50:39'),(582,229,29,'16','2021-10-23 21:15:33','2021-10-23 21:15:33'),(583,229,213,'8','2021-10-23 21:15:37','2021-10-23 21:15:37'),(584,229,247,'4','2021-10-23 21:15:40','2021-10-23 21:15:40'),(585,229,288,'1','2021-10-23 21:15:46','2021-10-23 21:15:46'),(586,229,308,'1','2021-10-23 21:15:50','2021-10-23 21:15:50'),(587,229,65,'1','2021-10-23 21:15:54','2021-10-23 21:15:54'),(588,229,1,'5','2021-10-23 21:15:57','2021-10-23 21:15:57'),(589,232,247,'4','2021-10-23 21:36:40','2021-10-23 21:36:40'),(590,232,288,'1','2021-10-23 21:36:56','2021-10-23 21:36:56'),(591,232,308,'1','2021-10-23 21:37:00','2021-10-23 21:37:00'),(592,232,213,'8','2021-10-23 21:37:04','2021-10-23 21:37:04'),(593,232,65,'1','2021-10-23 21:37:08','2021-10-23 21:37:08'),(594,232,1,'5','2021-10-23 21:37:11','2021-10-23 21:37:11'),(595,245,1,'5','2021-10-24 13:13:57','2021-10-24 13:13:57'),(596,245,213,'8','2021-10-24 13:14:01','2021-10-24 13:14:01'),(597,245,29,'16','2021-10-24 13:15:17','2021-10-24 13:15:17'),(598,245,309,'2','2021-10-24 13:18:10','2021-10-24 13:18:10'),(599,245,310,'1','2021-10-24 13:18:23','2021-10-24 13:18:23'),(600,245,289,'2','2021-10-24 13:19:13','2021-10-24 13:19:13'),(601,246,291,'4','2021-10-24 16:56:22','2021-10-24 16:56:22'),(602,246,214,'3','2021-10-24 16:56:27','2021-10-24 16:56:27'),(603,247,214,'3','2021-10-24 16:57:29','2021-10-24 16:57:29'),(604,247,1,'5','2021-10-24 16:57:34','2021-10-24 16:57:34'),(605,247,290,'3','2021-10-24 17:00:27','2021-10-24 17:00:27'),(606,248,289,'2','2021-10-24 17:13:38','2021-10-24 17:13:38'),(607,248,312,'3','2021-10-24 17:13:42','2021-10-24 17:13:42'),(608,248,308,'1','2021-10-24 17:13:45','2021-10-24 17:13:45'),(609,248,213,'8','2021-10-24 17:13:49','2021-10-24 17:13:49'),(610,248,248,'8','2021-10-24 17:26:50','2021-10-24 17:26:50'),(611,248,157,'5','2021-10-24 17:26:53','2021-10-24 17:26:53'),(612,248,136,'6','2021-10-24 17:26:57','2021-10-24 17:26:57'),(613,248,30,'10','2021-10-24 17:27:00','2021-10-24 17:27:00'),(614,249,309,'2','2021-10-24 17:27:29','2021-10-24 17:27:29'),(615,249,214,'3','2021-10-24 17:27:33','2021-10-24 17:27:33'),(616,249,248,'8','2021-10-24 17:27:37','2021-10-24 17:27:37'),(617,249,311,'2','2021-10-24 17:27:42','2021-10-24 17:27:42'),(618,249,289,'2','2021-10-24 17:27:45','2021-10-24 17:27:45'),(619,249,30,'10','2021-10-24 17:27:50','2021-10-24 17:27:50'),(620,249,136,'8','2021-10-24 17:27:53','2021-10-24 17:27:53'),(621,249,157,'7','2021-10-24 17:27:56','2021-10-24 17:27:56'),(622,249,157,'7','2021-10-24 17:28:56','2021-10-24 17:28:56'),(623,250,30,'10','2021-10-24 17:31:08','2021-10-24 17:31:08'),(624,250,157,'5','2021-10-24 17:31:11','2021-10-24 17:31:11'),(625,250,248,'8','2021-10-24 17:31:15','2021-10-24 17:31:15'),(626,250,214,'3','2021-10-24 17:31:19','2021-10-24 17:31:19'),(627,250,309,'2','2021-10-24 17:31:24','2021-10-24 17:31:24'),(628,250,312,'3','2021-10-24 17:31:28','2021-10-24 17:31:28'),(629,250,290,'3','2021-10-24 17:31:31','2021-10-24 17:31:31'),(630,250,136,'56','2021-10-24 17:31:34','2021-10-24 17:31:34'),(631,251,213,'8','2021-10-24 17:35:52','2021-10-24 17:35:52'),(632,251,65,'1','2021-10-24 17:35:56','2021-10-24 17:35:56'),(633,251,310,'1','2021-10-24 17:36:01','2021-10-24 17:36:01'),(634,251,29,'16','2021-10-24 17:36:09','2021-10-24 17:36:09'),(635,251,308,'1','2021-10-24 17:36:18','2021-10-24 17:36:18'),(636,251,1,'5','2021-10-24 17:36:22','2021-10-24 17:36:22'),(637,251,247,'4','2021-10-24 17:36:30','2021-10-24 17:36:30'),(638,251,288,'1','2021-10-24 17:36:35','2021-10-24 17:36:35'),(639,251,289,'2','2021-10-24 17:36:43','2021-10-24 17:36:43'),(640,252,214,'3','2021-10-24 17:37:02','2021-10-24 17:37:02'),(641,252,308,'1','2021-10-24 17:37:14','2021-10-24 17:37:14'),(642,252,247,'4','2021-10-24 17:37:17','2021-10-24 17:37:17'),(643,252,1,'5','2021-10-24 17:37:21','2021-10-24 17:37:21'),(644,252,288,'1','2021-10-24 17:37:28','2021-10-24 17:37:28'),(645,252,310,'1','2021-10-24 17:37:31','2021-10-24 17:37:31'),(646,252,29,'16','2021-10-24 17:37:35','2021-10-24 17:37:35'),(647,252,65,'1','2021-10-24 17:37:38','2021-10-24 17:37:38'),(648,252,65,'1','2021-10-24 17:38:26','2021-10-24 17:38:26'),(649,297,29,'16','2021-10-24 19:53:43','2021-10-24 19:53:43'),(650,307,308,'1','2021-10-24 20:08:47','2021-10-24 20:08:47'),(651,398,309,'2','2021-10-25 12:09:30','2021-10-25 12:09:30'),(652,399,309,'2','2021-10-25 12:10:07','2021-10-25 12:10:07'),(653,400,309,'2','2021-10-25 12:10:25','2021-10-25 12:10:25'),(654,401,308,'1','2021-10-25 12:10:39','2021-10-25 12:10:39'),(655,402,308,'1','2021-10-25 20:51:13','2021-10-25 20:51:13'),(656,402,308,'1','2021-10-25 20:53:28','2021-10-25 20:53:28'),(657,403,308,'1','2021-10-25 20:56:17','2021-10-25 20:56:17'),(658,403,308,'1','2021-10-25 20:56:57','2021-10-25 20:56:57'),(659,403,310,'1','2021-10-25 20:57:01','2021-10-25 20:57:01'),(660,403,310,'1','2021-10-25 20:59:59','2021-10-25 20:59:59'),(661,403,310,'1','2021-10-25 21:00:33','2021-10-25 21:00:33'),(662,403,310,'1','2021-10-25 21:01:32','2021-10-25 21:01:32'),(663,403,310,'1','2021-10-25 21:03:04','2021-10-25 21:03:04'),(664,403,310,'1','2021-10-25 21:04:40','2021-10-25 21:04:40'),(665,403,310,'1','2021-10-25 21:06:05','2021-10-25 21:06:05'),(666,403,310,'1','2021-10-25 21:06:53','2021-10-25 21:06:53'),(667,403,310,'1','2021-10-25 21:09:13','2021-10-25 21:09:13'),(668,408,308,'1','2021-10-25 21:12:58','2021-10-25 21:12:58'),(669,408,289,'2','2021-10-25 21:13:04','2021-10-25 21:13:04'),(670,408,289,'2','2021-10-25 21:22:48','2021-10-25 21:22:48'),(671,408,289,'2','2021-10-25 21:22:53','2021-10-25 21:22:53'),(672,408,289,'2','2021-10-25 21:25:22','2021-10-25 21:25:22'),(673,408,295,'4','2021-10-25 21:26:10','2021-10-25 21:26:10'),(674,408,295,'4','2021-10-25 21:26:20','2021-10-25 21:26:20'),(675,408,295,'4','2021-10-25 21:26:22','2021-10-25 21:26:22'),(676,409,308,'1','2021-10-25 21:26:31','2021-10-25 21:26:31'),(677,409,292,'1','2021-10-25 21:26:36','2021-10-25 21:26:36'),(678,410,308,'1','2021-10-25 21:26:44','2021-10-25 21:26:44'),(679,410,292,'1','2021-10-25 21:26:54','2021-10-25 21:26:54'),(680,411,309,'2','2021-10-25 21:27:02','2021-10-25 21:27:02'),(681,411,289,'2','2021-10-25 21:27:07','2021-10-25 21:27:07'),(682,411,311,'2','2021-10-25 21:27:10','2021-10-25 21:27:10'),(683,411,292,'1','2021-10-25 21:27:16','2021-10-25 21:27:16'),(684,413,308,'1','2021-10-25 21:28:24','2021-10-25 21:28:24'),(685,413,310,'1','2021-10-25 21:28:36','2021-10-25 21:28:36'),(686,413,310,'1','2021-10-25 21:35:18','2021-10-25 21:35:18'),(687,413,310,'1','2021-10-25 21:36:46','2021-10-25 21:36:46'),(688,413,310,'1','2021-10-25 21:37:48','2021-10-25 21:37:48'),(689,413,310,'1','2021-10-25 21:40:27','2021-10-25 21:40:27'),(690,413,310,'1','2021-10-25 21:41:05','2021-10-25 21:41:05'),(691,413,310,'1','2021-10-25 21:41:27','2021-10-25 21:41:27'),(692,413,310,'1','2021-10-25 21:41:44','2021-10-25 21:41:44'),(693,413,310,'1','2021-10-25 21:42:41','2021-10-25 21:42:41'),(694,413,310,'1','2021-10-25 21:47:30','2021-10-25 21:47:30'),(695,414,308,'1','2021-10-25 21:47:47','2021-10-25 21:47:47'),(696,414,308,'1','2021-10-25 21:48:32','2021-10-25 21:48:32'),(697,414,308,'1','2021-10-25 21:49:26','2021-10-25 21:49:26'),(698,414,308,'1','2021-10-25 21:51:00','2021-10-25 21:51:00'),(699,414,308,'1','2021-10-25 21:51:08','2021-10-25 21:51:08'),(700,414,308,'1','2021-10-25 21:52:15','2021-10-25 21:52:15'),(701,414,311,'2','2021-10-25 21:52:26','2021-10-25 21:52:26'),(702,414,311,'2','2021-10-25 21:52:43','2021-10-25 21:52:43'),(703,414,292,'1','2021-10-25 21:52:51','2021-10-25 21:52:51'),(704,414,288,'1','2021-10-25 21:53:22','2021-10-25 21:53:22'),(705,414,288,'1','2021-10-25 21:54:05','2021-10-25 21:54:05'),(706,425,1,'5','2021-10-25 21:59:15','2021-10-25 21:59:15'),(707,425,55,'1','2021-10-25 21:59:20','2021-10-25 21:59:20'),(708,425,77,'13','2021-10-25 21:59:27','2021-10-25 21:59:27'),(709,425,31,'7','2021-10-25 21:59:31','2021-10-25 21:59:31'),(710,425,225,'6','2021-10-25 21:59:35','2021-10-25 21:59:35'),(711,425,265,'5','2021-10-25 21:59:39','2021-10-25 21:59:39'),(712,426,55,'1','2021-10-25 22:00:57','2021-10-25 22:00:57'),(713,426,77,'13','2021-10-25 22:01:21','2021-10-25 22:01:21'),(714,426,225,'6','2021-10-25 22:01:30','2021-10-25 22:01:30'),(715,426,225,'6','2021-10-25 22:02:53','2021-10-25 22:02:53'),(716,426,31,'7','2021-10-25 22:02:56','2021-10-25 22:02:56'),(717,426,265,'5','2021-10-25 22:03:00','2021-10-25 22:03:00'),(718,426,1,'5','2021-10-25 22:03:04','2021-10-25 22:03:04'),(719,427,55,'1','2021-10-25 22:03:21','2021-10-25 22:03:21'),(720,427,136,'6','2021-10-25 22:03:26','2021-10-25 22:03:26'),(721,427,225,'6','2021-10-25 22:03:35','2021-10-25 22:03:35'),(722,427,78,'0','2021-10-25 22:03:40','2021-10-25 22:03:40'),(723,427,266,'4','2021-10-25 22:03:44','2021-10-25 22:03:44'),(724,427,32,'2','2021-10-25 22:03:47','2021-10-25 22:03:47'),(725,428,275,'6','2021-10-25 22:04:32','2021-10-25 22:04:32'),(726,428,307,'2','2021-10-25 22:04:42','2021-10-25 22:04:42'),(727,428,214,'3','2021-10-25 22:04:49','2021-10-25 22:04:49'),(728,428,314,'2','2021-10-25 22:04:53','2021-10-25 22:04:53'),(729,428,317,'2','2021-10-25 22:05:48','2021-10-25 22:05:48'),(730,428,229,'5','2021-10-25 22:06:02','2021-10-25 22:06:02'),(731,428,229,'5','2021-10-25 22:06:24','2021-10-25 22:06:24'),(732,428,225,'6','2021-10-25 22:06:29','2021-10-25 22:06:29'),(733,428,241,'26','2021-10-25 22:06:35','2021-10-25 22:06:35'),(734,428,211,'12','2021-10-25 22:06:40','2021-10-25 22:06:40'),(735,428,144,'6','2021-10-25 22:07:13','2021-10-25 22:07:13'),(736,429,296,'1','2021-10-26 21:34:49','2021-10-26 21:34:49'),(737,430,45,'31','2021-10-29 14:17:19','2021-10-29 14:17:19'),(738,430,233,'16','2021-10-29 14:17:39','2021-10-29 14:17:39'),(739,430,304,'1','2021-10-29 14:17:59','2021-10-29 14:17:59'),(740,430,21,'3','2021-10-29 14:18:20','2021-10-29 14:18:20'),(741,430,320,'1','2021-10-29 14:18:41','2021-10-29 14:18:41'),(742,430,283,'4','2021-10-29 14:19:00','2021-10-29 14:19:00'),(743,430,79,'41','2021-10-29 14:19:22','2021-10-29 14:19:22'),(744,430,53,'2','2021-10-29 14:19:33','2021-10-29 14:19:33'),(745,431,295,'4','2021-10-29 14:20:32','2021-10-29 14:20:32'),(746,431,305,'2','2021-10-29 14:20:35','2021-10-29 14:20:35'),(747,431,233,'16','2021-10-29 14:20:40','2021-10-29 14:20:40'),(748,431,21,'3','2021-10-29 14:20:44','2021-10-29 14:20:44'),(749,431,53,'2','2021-10-29 14:20:48','2021-10-29 14:20:48'),(750,431,45,'31','2021-10-29 14:20:52','2021-10-29 14:20:52'),(751,431,320,'1','2021-10-29 14:21:13','2021-10-29 14:21:13'),(752,432,317,'2','2021-10-29 14:36:21','2021-10-29 14:36:21'),(753,432,295,'4','2021-10-29 14:36:31','2021-10-29 14:36:31'),(754,432,233,'16','2021-10-29 14:36:35','2021-10-29 14:36:35'),(755,432,45,'31','2021-10-29 14:36:41','2021-10-29 14:36:41'),(756,432,312,'3','2021-10-29 14:36:45','2021-10-29 14:36:45'),(757,441,219,'3','2021-10-29 18:12:43','2021-10-29 18:12:43'),(758,441,312,'3','2021-10-29 18:12:46','2021-10-29 18:12:46'),(759,441,1,'5','2021-10-29 18:12:50','2021-10-29 18:12:50'),(760,441,37,'8','2021-10-29 18:12:53','2021-10-29 18:12:53'),(761,441,291,'4','2021-10-29 18:12:57','2021-10-29 18:12:57'),(762,441,291,'4','2021-10-29 18:14:21','2021-10-29 18:14:21'),(763,441,260,'18','2021-10-29 18:14:24','2021-10-29 18:14:24'),(764,441,145,'5','2021-10-29 18:14:28','2021-10-29 18:14:28'),(765,441,145,'5','2021-10-29 18:15:29','2021-10-29 18:15:29'),(766,441,55,'1','2021-10-29 18:15:33','2021-10-29 18:15:33'),(767,442,67,'8','2021-10-29 18:16:09','2021-10-29 18:16:09'),(768,442,219,'3','2021-10-29 18:16:14','2021-10-29 18:16:14'),(769,442,19,'2','2021-10-29 18:16:19','2021-10-29 18:16:19'),(770,442,288,'1','2021-10-29 18:16:23','2021-10-29 18:16:23'),(771,442,310,'1','2021-10-29 18:16:30','2021-10-29 18:16:30'),(772,442,55,'1','2021-10-29 18:16:34','2021-10-29 18:16:34'),(773,442,37,'8','2021-10-29 18:16:37','2021-10-29 18:16:37'),(774,442,1,'5','2021-10-29 18:16:42','2021-10-29 18:16:42'),(775,442,260,'18','2021-10-29 18:16:46','2021-10-29 18:16:46'),(776,443,311,'2','2021-10-29 18:27:37','2021-10-29 18:27:37'),(777,443,67,'8','2021-10-29 18:28:02','2021-10-29 18:28:02'),(778,443,1,'5','2021-10-29 18:28:27','2021-10-29 18:28:27'),(779,443,1,'5','2021-10-29 18:29:16','2021-10-29 18:29:16'),(780,443,219,'3','2021-10-29 18:29:53','2021-10-29 18:29:53'),(781,443,217,'5','2021-10-29 18:30:12','2021-10-29 18:30:12'),(782,443,217,'5','2021-10-29 18:30:39','2021-10-29 18:30:39'),(783,443,288,'1','2021-10-29 18:30:58','2021-10-29 18:30:58'),(784,443,37,'8','2021-10-29 18:31:17','2021-10-29 18:31:17'),(785,443,55,'1','2021-10-29 18:31:29','2021-10-29 18:31:29'),(786,443,260,'18','2021-10-29 18:31:51','2021-10-29 18:31:51'),(787,445,88,'4','2021-10-30 20:47:23','2021-10-30 20:47:23'),(788,445,263,'4','2021-10-30 20:47:27','2021-10-30 20:47:27'),(789,445,292,'1','2021-10-30 20:47:31','2021-10-30 20:47:31'),(790,445,308,'1','2021-10-30 20:47:45','2021-10-30 20:47:45'),(791,445,300,'1','2021-10-30 20:47:50','2021-10-30 20:47:50'),(792,445,10,'6','2021-10-30 20:47:54','2021-10-30 20:47:54'),(793,445,214,'3','2021-10-30 20:48:19','2021-10-30 20:48:19'),(794,445,231,'7','2021-10-30 20:48:23','2021-10-30 20:48:23'),(795,445,223,'74','2021-10-30 20:48:27','2021-10-30 20:48:27'),(796,445,217,'5','2021-10-30 20:48:30','2021-10-30 20:48:30'),(797,445,241,'26','2021-10-30 20:48:34','2021-10-30 20:48:34'),(798,445,241,'26','2021-10-30 20:49:05','2021-10-30 20:49:05'),(799,445,241,'26','2021-10-30 20:50:00','2021-10-30 20:50:00'),(800,445,241,'26','2021-10-30 20:50:14','2021-10-30 20:50:14'),(801,445,241,'26','2021-10-30 20:50:27','2021-10-30 20:50:27'),(802,445,241,'26','2021-10-30 20:50:35','2021-10-30 20:50:35'),(803,445,241,'26','2021-10-30 20:50:50','2021-10-30 20:50:50'),(804,445,241,'26','2021-10-30 20:51:39','2021-10-30 20:51:39'),(805,445,241,'26','2021-10-30 20:52:22','2021-10-30 20:52:22'),(806,445,241,'26','2021-10-30 20:52:57','2021-10-30 20:52:57'),(807,445,241,'26','2021-10-30 20:53:12','2021-10-30 20:53:12'),(808,445,241,'26','2021-10-30 20:54:52','2021-10-30 20:54:52'),(809,445,241,'26','2021-10-30 20:55:47','2021-10-30 20:55:47'),(810,445,241,'26','2021-10-30 21:00:00','2021-10-30 21:00:00'),(811,445,241,'26','2021-10-30 21:03:30','2021-10-30 21:03:30'),(812,445,241,'26','2021-10-30 21:04:10','2021-10-30 21:04:10'),(813,445,241,'26','2021-10-30 21:07:21','2021-10-30 21:07:21'),(814,445,241,'26','2021-10-30 21:14:47','2021-10-30 21:14:47'),(815,445,241,'26','2021-10-30 21:14:54','2021-10-30 21:14:54'),(816,445,241,'26','2021-10-30 21:15:07','2021-10-30 21:15:07'),(817,445,241,'26','2021-10-30 21:15:14','2021-10-30 21:15:14'),(818,445,241,'26','2021-10-30 21:15:23','2021-10-30 21:15:23'),(819,445,241,'26','2021-10-30 21:18:31','2021-10-30 21:18:31'),(820,446,47,'256','2021-10-30 21:44:44','2021-10-30 21:44:44'),(821,446,65,'1','2021-10-30 21:44:48','2021-10-30 21:44:48'),(822,446,23,'8','2021-10-30 21:44:52','2021-10-30 21:44:52'),(823,446,310,'1','2021-10-30 21:44:57','2021-10-30 21:44:57'),(824,446,229,'5','2021-10-30 21:45:01','2021-10-30 21:45:01'),(825,446,223,'74','2021-10-30 21:45:05','2021-10-30 21:45:05'),(826,446,221,'15','2021-10-30 21:45:09','2021-10-30 21:45:09'),(827,446,300,'1','2021-10-30 21:45:13','2021-10-30 21:45:13'),(828,446,320,'1','2021-10-30 21:45:17','2021-10-30 21:45:17'),(829,446,274,'7','2021-10-30 21:45:23','2021-10-30 21:45:23'),(830,446,15,'1','2021-10-30 21:45:27','2021-10-30 21:45:27'),(831,446,15,'1','2021-10-30 21:45:28','2021-10-30 21:45:28'),(832,447,42,'59','2021-10-30 21:46:32','2021-10-30 21:46:32'),(833,447,320,'1','2021-10-30 21:46:36','2021-10-30 21:46:36'),(834,447,320,'1','2021-10-30 21:46:48','2021-10-30 21:46:48'),(835,449,247,'4','2021-10-30 21:55:39','2021-10-30 21:55:39'),(836,449,213,'8','2021-10-30 21:55:44','2021-10-30 21:55:44'),(837,449,229,'5','2021-10-30 21:55:48','2021-10-30 21:55:48'),(838,449,268,'7','2021-10-30 21:55:52','2021-10-30 21:55:52'),(839,449,7,'5','2021-10-30 21:55:56','2021-10-30 21:55:56'),(840,449,221,'15','2021-10-30 21:56:00','2021-10-30 21:56:00'),(841,449,291,'4','2021-10-30 21:56:13','2021-10-30 21:56:13'),(842,449,322,'3','2021-10-30 21:56:17','2021-10-30 21:56:17'),(843,449,312,'3','2021-10-30 21:56:21','2021-10-30 21:56:21'),(844,449,59,'1','2021-10-30 21:56:24','2021-10-30 21:56:24'),(845,449,53,'2','2021-10-30 21:56:28','2021-10-30 21:56:28'),(846,450,250,'6','2021-10-30 21:56:56','2021-10-30 21:56:56'),(847,452,275,'6','2021-10-30 21:59:30','2021-10-30 21:59:30'),(848,452,304,'1','2021-10-30 21:59:36','2021-10-30 21:59:36'),(849,452,244,'42','2021-10-30 21:59:41','2021-10-30 21:59:41'),(850,452,296,'1','2021-10-30 21:59:46','2021-10-30 21:59:46'),(851,452,154,'3','2021-10-30 21:59:50','2021-10-30 21:59:50'),(852,452,300,'1','2021-10-30 21:59:56','2021-10-30 21:59:56'),(853,452,167,'21','2021-10-30 22:00:02','2021-10-30 22:00:02'),(854,452,233,'16','2021-10-30 22:00:07','2021-10-30 22:00:07'),(855,452,221,'15','2021-10-30 22:00:11','2021-10-30 22:00:11'),(856,452,153,'45','2021-10-30 22:00:16','2021-10-30 22:00:16'),(857,453,217,'5','2021-10-30 22:09:05','2021-10-30 22:09:05'),(858,453,40,'85','2021-10-30 22:09:11','2021-10-30 22:09:11'),(859,453,296,'1','2021-10-30 22:09:15','2021-10-30 22:09:15'),(860,453,211,'12','2021-10-30 22:09:21','2021-10-30 22:09:21'),(861,453,12,'5','2021-10-30 22:09:24','2021-10-30 22:09:24'),(862,453,316,'1','2021-10-30 22:09:27','2021-10-30 22:09:27'),(863,453,288,'1','2021-10-30 22:09:32','2021-10-30 22:09:32'),(864,453,221,'15','2021-10-30 22:09:36','2021-10-30 22:09:36'),(865,453,257,'6','2021-10-30 22:09:43','2021-10-30 22:09:43'),(866,454,35,'4','2021-10-30 22:12:43','2021-10-30 22:12:43'),(867,454,305,'2','2021-10-30 22:12:55','2021-10-30 22:12:55'),(868,454,267,'6','2021-10-30 22:13:07','2021-10-30 22:13:07'),(869,454,229,'5','2021-10-30 22:13:19','2021-10-30 22:13:19'),(870,454,152,'4','2021-10-30 22:13:31','2021-10-30 22:13:31'),(871,456,291,'4','2021-10-30 22:16:43','2021-10-30 22:16:43'),(872,456,308,'1','2021-10-30 22:16:55','2021-10-30 22:16:55'),(873,456,243,'2','2021-10-30 22:17:06','2021-10-30 22:17:06'),(874,456,215,'29','2021-10-30 22:17:18','2021-10-30 22:17:18'),(875,456,292,'1','2021-10-30 22:17:27','2021-10-30 22:17:27'),(876,456,211,'12','2021-10-30 22:17:37','2021-10-30 22:17:37'),(877,456,306,'1','2021-10-30 22:17:49','2021-10-30 22:17:49'),(878,456,38,'3','2021-10-30 22:17:58','2021-10-30 22:17:58'),(879,458,41,'71','2021-10-31 20:51:09','2021-10-31 20:51:09'),(880,458,41,'71','2021-10-31 20:51:52','2021-10-31 20:51:52');
/*!40000 ALTER TABLE `test_question_possible_answers` ENABLE KEYS */;
UNLOCK TABLES;

--
-- Table structure for table `test_questions`
--

DROP TABLE IF EXISTS `test_questions`;
/*!40101 SET @saved_cs_client     = @@character_set_client */;
/*!50503 SET character_set_client = utf8mb4 */;
CREATE TABLE `test_questions` (
  `id` bigint unsigned NOT NULL AUTO_INCREMENT,
  `min_age` tinyint NOT NULL,
  `max_age` tinyint NOT NULL,
  `text` text COLLATE utf8mb4_unicode_ci NOT NULL,
  `img_path` text COLLATE utf8mb4_unicode_ci NOT NULL,
  `view_path` text COLLATE utf8mb4_unicode_ci NOT NULL,
  `created_at` timestamp NULL DEFAULT NULL,
  `updated_at` timestamp NULL DEFAULT NULL,
  PRIMARY KEY (`id`)
) ENGINE=InnoDB AUTO_INCREMENT=407 DEFAULT CHARSET=utf8mb4 COLLATE=utf8mb4_unicode_ci;
/*!40101 SET character_set_client = @saved_cs_client */;

--
-- Dumping data for table `test_questions`
--

LOCK TABLES `test_questions` WRITE;
/*!40000 ALTER TABLE `test_questions` DISABLE KEYS */;
INSERT INTO `test_questions` VALUES (1,0,99,'RESOLVER: 3+2','-','text_and_number',NULL,NULL),(2,0,99,'RESOLVER: 3+4','-','text_and_number',NULL,NULL),(3,0,99,'RESOLVER: 4+4','-','text_and_number',NULL,NULL),(4,0,99,'RESOLVER: 5+0','-','text_and_number',NULL,NULL),(5,0,99,'RESOLVER: 8+6','-','text_and_number',NULL,NULL),(6,0,99,'RESOLVER: 12+7','-','text_and_number',NULL,NULL),(7,0,99,'RESOLVER: 15+8','-','text_and_number',NULL,NULL),(8,0,99,'RESOLVER: 3-2','-','text_and_number',NULL,NULL),(9,0,99,'RESOLVER: 4-1','-','text_and_number',NULL,NULL),(10,0,99,'RESOLVER: 9-7','-','text_and_number',NULL,NULL),(11,0,99,'RESOLVER: 6-3','-','text_and_number',NULL,NULL),(12,0,99,'RESOLVER: 8-0','-','text_and_number',NULL,NULL),(13,0,99,'RESOLVER: 13-7','-','text_and_number',NULL,NULL),(14,0,99,'RESOLVER: 15-4','-','text_and_number',NULL,NULL),(15,0,99,'SELECCIONAR EL NMERO MS GRANDE','-','text_and_fixed_options',NULL,NULL),(16,0,99,'SELECCIONAR EL NMERO MS GRANDE','-','text_and_fixed_options',NULL,NULL),(17,0,99,'SELECCIONAR EL NMERO MS GRANDE','-','text_and_fixed_options',NULL,NULL),(18,0,99,'SELECCIONAR EL NMERO MS GRANDE','-','text_and_fixed_options',NULL,NULL),(19,0,99,'SELECCIONAR EL NMERO MS GRANDE','-','text_and_fixed_options',NULL,NULL),(20,0,99,'SELECCIONAR EL NMERO MS GRANDE','-','text_and_fixed_options',NULL,NULL),(21,0,99,'SELECCIONAR EL NMERO MS GRANDE','-','text_and_fixed_options',NULL,NULL),(22,0,99,'SELECCIONAR EL NMERO MS GRANDE','-','text_and_fixed_options',NULL,NULL),(23,0,99,'SELECCIONAR EL NMERO MS GRANDE','-','text_and_fixed_options',NULL,NULL),(24,0,99,'SELECCIONAR EL NMERO MS GRANDE','-','text_and_fixed_options',NULL,NULL),(25,0,99,'SELECCIONAR EL NMERO MS GRANDE','-','text_and_fixed_options',NULL,NULL),(26,0,99,'CONTAR LAS PELOTAS','count_balls/count_balls_01.png','image_and_number',NULL,NULL),(27,0,99,'CONTAR LAS PELOTAS','count_balls/count_balls_02.png','image_and_number',NULL,NULL),(28,0,99,'CONTAR LAS PELOTAS','count_balls/count_balls_03.png','image_and_number',NULL,NULL),(29,0,99,'CONTAR LAS PELOTAS','count_balls/count_balls_04.png','image_and_number',NULL,NULL),(30,0,99,'CONTAR LAS PELOTAS','count_balls/count_balls_05.png','image_and_number',NULL,NULL),(31,0,99,'CONTAR LAS PELOTAS','count_balls/count_balls_06.png','image_and_number',NULL,NULL),(32,0,99,'CONTAR LAS PELOTAS','count_balls/count_balls_07.png','image_and_number',NULL,NULL),(33,0,99,'QU NMERO FALTA?  0 --> [   ] --> 2','numeric_sequence/numeric_sequence_01.png','text_and_number',NULL,NULL),(34,0,99,'QU NMERO FALTA? 10 --> 9 --> [  ]','numeric_sequence/numeric_sequence_02.png','text_and_number',NULL,NULL),(35,0,99,'QU NMERO FALTA?  5 --> [   ] --> 9','numeric_sequence/numeric_sequence_03.png','text_and_number',NULL,NULL),(36,0,99,'QU NMERO FALTA?  1 --> 2 --> [   ]','numeric_sequence/numeric_sequence_04.png','text_and_number',NULL,NULL),(37,0,99,'QU NMERO FALTA?  10 --> [   ] --> 8','numeric_sequence/numeric_sequence_05.png','text_and_number',NULL,NULL),(38,0,99,'QU NMERO FALTA?  2 --> 4 --> [   ] ','numeric_sequence/numeric_sequence_06.png','text_and_number',NULL,NULL),(39,0,99,'QU NMERO FALTA?  11 --> [   ] --> 15','numeric_sequence/numeric_sequence_07.png','text_and_number',NULL,NULL),(40,0,99,'QU NMERO FALTA?  40 --> [   ] --> 42','numeric_sequence/numeric_sequence_08.png','text_and_number',NULL,NULL),(41,0,99,'QU NMERO FALTA?  60 --> [   ] --> 80','numeric_sequence/numeric_sequence_09.png','text_and_number',NULL,NULL),(42,0,99,'QU NMERO FALTA?  20 --> 25 --> [   ]','numeric_sequence/numeric_sequence_10.png','text_and_number',NULL,NULL),(43,0,99,'QU NMERO FALTA?  30 --> [   ] --> 10','numeric_sequence/numeric_sequence_11.png','text_and_number',NULL,NULL),(44,0,99,'QU NMERO FALTA?  40 --> 60 --> [   ]','numeric_sequence/numeric_sequence_12.png','text_and_number',NULL,NULL),(76,0,99,'QU NMERO VES?','color_blindness/cb_01.png','image_and_number','2021-08-21 00:49:37','2021-08-21 00:49:37'),(77,0,99,'QU NMERO VES?','color_blindness/cb_02.png','image_and_number','2021-08-21 00:49:38','2021-08-21 00:49:38'),(78,0,99,'QU NMERO VES?','color_blindness/cb_03.png','image_and_number','2021-08-21 00:49:38','2021-08-21 00:49:38'),(79,0,99,'QU NMERO VES?','color_blindness/cb_04.png','image_and_number','2021-08-21 00:49:38','2021-08-21 00:49:38'),(80,0,99,'QU NMERO VES?','color_blindness/cb_05.png','image_and_number','2021-08-21 00:49:38','2021-08-21 00:49:38'),(81,0,99,'QU NMERO VES?','color_blindness/cb_06.png','image_and_number','2021-08-21 00:49:38','2021-08-21 00:49:38'),(82,0,99,'QU NMERO VES?','color_blindness/cb_07.png','image_and_number','2021-08-21 00:49:38','2021-08-21 00:49:38'),(83,0,99,'QU NMERO VES?','color_blindness/cb_08.png','image_and_number','2021-08-21 00:49:38','2021-08-21 00:49:38'),(84,0,99,'QU NMERO VES?','color_blindness/cb_09.png','image_and_number','2021-08-21 00:49:39','2021-08-21 00:49:39'),(85,0,99,'QU NMERO VES?','color_blindness/cb_10.png','image_and_number','2021-08-21 00:49:39','2021-08-21 00:49:39'),(86,0,99,'QU NMERO VES?','color_blindness/cb_11.png','image_and_number','2021-08-21 00:49:39','2021-08-21 00:49:39'),(87,0,99,'QU NMERO VES?','color_blindness/cb_12.png','image_and_number','2021-08-21 00:49:39','2021-08-21 00:49:39'),(88,0,99,'QU NMERO VES?','color_blindness/cb_13.png','image_and_number','2021-08-21 00:49:39','2021-08-21 00:49:39'),(89,99,99,'QU NMERO VES?','color_blindness/cb_14.png','image_and_number','2021-08-21 00:49:39','2021-08-21 00:49:39'),(90,99,99,'QU NMERO VES?','color_blindness/cb_15.png','image_and_number','2021-08-21 00:49:39','2021-08-21 00:49:39'),(91,0,99,'QU NMERO VES?','color_blindness/cb_16.png','image_and_number','2021-08-21 00:49:39','2021-08-21 00:49:39'),(92,0,99,'QU NMERO VES?','color_blindness/cb_17.png','image_and_number','2021-08-21 00:49:40','2021-08-21 00:49:40'),(93,0,99,'CONTAR LOS POLLITOS','count_objects/co_01.png','image_and_fixed_options','2021-08-21 00:49:40','2021-08-21 00:49:40'),(94,0,99,'CONTAR LOS OSITOS','count_objects/co_02.png','image_and_fixed_options','2021-08-21 00:49:40','2021-08-21 00:49:40'),(95,0,99,'CONTAR LAS PELOTAS','count_objects/co_03.png','image_and_fixed_options','2021-08-21 00:49:40','2021-08-21 00:49:40'),(96,0,99,'CONTAR LAS PELOTAS','count_objects/co_04.png','image_and_fixed_options','2021-08-21 00:49:40','2021-08-21 00:49:40'),(97,0,99,'CONTAR LAS MARIPOSAS','count_objects/co_05.png','image_and_fixed_options','2021-08-21 00:49:40','2021-08-21 00:49:40'),(98,0,99,'CONTAR LOS MUECOS','count_objects/co_06.png','image_and_fixed_options','2021-08-21 00:49:40','2021-08-21 00:49:40'),(99,0,99,'CONTAR LOS CASTILLOS','count_objects/co_07.png','image_and_fixed_options','2021-08-21 00:49:40','2021-08-21 00:49:40'),(100,0,99,'CONTAR LAS ESTRELLAS','count_objects/co_08.png','image_and_fixed_options','2021-08-21 00:49:40','2021-08-21 00:49:40'),(101,0,99,'CONTAR LOS PECES','count_objects/co_09.png','image_and_fixed_options','2021-08-21 00:49:40','2021-08-21 00:49:40'),(102,0,99,'CONTAR LOS FAROS','count_objects/co_10.png','image_and_fixed_options','2021-08-21 00:49:40','2021-08-21 00:49:40'),(103,0,99,'CONTAR LOS PULPOS','count_objects/co_11.png','image_and_fixed_options','2021-08-21 00:49:40','2021-08-21 00:49:40'),(104,0,99,'CONTAR LOS CABALLITOS DE MAR','count_objects/co_12.png','image_and_fixed_options','2021-08-21 00:49:40','2021-08-21 00:49:40'),(105,0,99,'CONTAR LAS MEDUSAS','count_objects/co_13.png','image_and_fixed_options','2021-08-21 00:49:40','2021-08-21 00:49:40'),(106,0,99,'SELECCIONAR LOS','numbers/9.png','image_and_fixed_multiple_correct_options','2021-08-21 00:49:40','2021-08-21 00:49:40'),(107,0,99,'SELECCIONAR LAS','letters/p.png','image_and_fixed_multiple_correct_options','2021-08-21 00:49:40','2021-08-21 00:49:40'),(108,0,99,'SELECCIONAR LAS','letters/q.png','image_and_fixed_multiple_correct_options','2021-08-21 00:49:40','2021-08-21 00:49:40'),(109,0,99,'SELECCIONAR LAS','letters/d.png','image_and_fixed_multiple_correct_options','2021-08-21 00:49:40','2021-08-21 00:49:40'),(110,0,99,'SELECCIONAR LAS','letters/b.png','image_and_fixed_multiple_correct_options','2021-08-21 00:49:40','2021-08-21 00:49:40'),(111,0,99,'SELECCIONAR LOS','numbers/5_green.png','image_and_fixed_multiple_correct_options','2021-08-21 00:49:40','2021-08-21 00:49:40'),(112,0,99,'SELECCIONAR LAS','letters/s_green.png','image_and_fixed_multiple_correct_options','2021-08-21 00:49:40','2021-08-21 00:49:40'),(113,0,99,'SELECCIONAR LA OPCIN CORRECTA','objects/images/castle.png','image_and_fixed_one_correct_option','2021-08-21 00:49:40','2021-08-21 00:49:40'),(114,0,99,'SELECCIONAR LA OPCIN CORRECTA','objects/images/butterfly.png','image_and_fixed_one_correct_option','2021-08-21 00:49:40','2021-08-21 00:49:40'),(115,0,99,'SELECCIONAR LA OPCIN CORRECTA','objects/images/bee.png','image_and_fixed_one_correct_option','2021-08-21 00:49:40','2021-08-21 00:49:40'),(116,0,99,'SELECCIONAR LA OPCIN CORRECTA','objects/images/deer.png','image_and_fixed_one_correct_option','2021-08-21 00:49:40','2021-08-21 00:49:40'),(117,0,99,'SELECCIONAR LA OPCIN CORRECTA','objects/images/elephant.png','image_and_fixed_one_correct_option','2021-08-21 00:49:40','2021-08-21 00:49:40'),(118,0,99,'SELECCIONAR LA OPCIN CORRECTA','objects/images/octopus.png','image_and_fixed_one_correct_option','2021-08-21 00:49:40','2021-08-21 00:49:40');
/*!40000 ALTER TABLE `test_questions` ENABLE KEYS */;
UNLOCK TABLES;

--
-- Table structure for table `tests`
--

DROP TABLE IF EXISTS `tests`;
/*!40101 SET @saved_cs_client     = @@character_set_client */;
/*!50503 SET character_set_client = utf8mb4 */;
CREATE TABLE `tests` (
  `id` bigint unsigned NOT NULL AUTO_INCREMENT,
  `user_id` bigint unsigned NOT NULL,
  `created_at` timestamp NULL DEFAULT NULL,
  `updated_at` timestamp NULL DEFAULT NULL,
  PRIMARY KEY (`id`),
  KEY `tests_user_id_foreign` (`user_id`),
  CONSTRAINT `tests_user_id_foreign` FOREIGN KEY (`user_id`) REFERENCES `users` (`id`)
) ENGINE=InnoDB AUTO_INCREMENT=459 DEFAULT CHARSET=utf8mb4 COLLATE=utf8mb4_unicode_ci;
/*!40101 SET character_set_client = @saved_cs_client */;

--
-- Dumping data for table `tests`
--

LOCK TABLES `tests` WRITE;
/*!40000 ALTER TABLE `tests` DISABLE KEYS */;
INSERT INTO `tests` VALUES (70,1,'2021-08-20 14:58:02','2021-08-20 14:58:02'),(71,1,'2021-08-20 14:58:44','2021-08-20 14:58:44'),(72,1,'2021-08-20 14:59:45','2021-08-20 14:59:45'),(73,1,'2021-08-20 17:02:42','2021-08-20 17:02:42'),(74,1,'2021-08-20 20:28:42','2021-08-20 20:28:42'),(75,1,'2021-08-20 23:15:25','2021-08-20 23:15:25'),(76,1,'2021-08-20 23:32:33','2021-08-20 23:32:33'),(77,1,'2021-08-20 23:38:20','2021-08-20 23:38:20'),(78,1,'2021-08-20 23:46:51','2021-08-20 23:46:51'),(79,1,'2021-08-21 00:00:45','2021-08-21 00:00:45'),(80,1,'2021-08-21 00:01:07','2021-08-21 00:01:07'),(81,1,'2021-08-21 00:01:15','2021-08-21 00:01:15'),(82,1,'2021-08-21 00:01:38','2021-08-21 00:01:38'),(83,1,'2021-08-21 00:01:41','2021-08-21 00:01:41'),(84,1,'2021-08-21 00:01:42','2021-08-21 00:01:42'),(85,1,'2021-08-21 00:01:44','2021-08-21 00:01:44'),(86,1,'2021-08-21 01:14:05','2021-08-21 01:14:05'),(87,1,'2021-08-21 01:17:20','2021-08-21 01:17:20'),(88,1,'2021-08-21 01:25:48','2021-08-21 01:25:48'),(89,1,'2021-08-21 01:26:08','2021-08-21 01:26:08'),(90,1,'2021-08-21 01:27:28','2021-08-21 01:27:28'),(91,1,'2021-08-21 01:29:43','2021-08-21 01:29:43'),(92,1,'2021-08-21 01:56:57','2021-08-21 01:56:57'),(93,1,'2021-08-21 01:59:57','2021-08-21 01:59:57'),(94,1,'2021-08-21 02:09:37','2021-08-21 02:09:37'),(95,1,'2021-08-21 02:11:28','2021-08-21 02:11:28'),(96,2,'2021-08-21 12:26:37','2021-08-21 12:26:37'),(97,2,'2021-08-21 12:28:23','2021-08-21 12:28:23'),(98,3,'2021-08-21 12:38:33','2021-08-21 12:38:33'),(99,3,'2021-08-21 12:44:24','2021-08-21 12:44:24'),(100,3,'2021-08-21 12:44:48','2021-08-21 12:44:48'),(101,3,'2021-08-21 12:45:21','2021-08-21 12:45:21'),(102,3,'2021-08-21 12:49:26','2021-08-21 12:49:26'),(103,4,'2021-08-21 13:02:17','2021-08-21 13:02:17'),(104,5,'2021-08-21 13:15:59','2021-08-21 13:15:59'),(105,6,'2021-08-21 13:28:05','2021-08-21 13:28:05'),(106,7,'2021-08-21 13:39:10','2021-08-21 13:39:10'),(107,1,'2021-10-08 14:42:30','2021-10-08 14:42:30'),(108,1,'2021-10-09 15:41:22','2021-10-09 15:41:22'),(109,1,'2021-10-09 15:41:42','2021-10-09 15:41:42'),(110,1,'2021-10-09 15:44:24','2021-10-09 15:44:24'),(111,1,'2021-10-09 15:44:47','2021-10-09 15:44:47'),(112,1,'2021-10-09 15:44:59','2021-10-09 15:44:59'),(113,1,'2021-10-09 15:45:15','2021-10-09 15:45:15'),(114,1,'2021-10-09 15:45:37','2021-10-09 15:45:37'),(115,1,'2021-10-09 15:45:50','2021-10-09 15:45:50'),(116,1,'2021-10-09 15:46:10','2021-10-09 15:46:10'),(117,1,'2021-10-09 15:46:30','2021-10-09 15:46:30'),(118,1,'2021-10-09 15:49:29','2021-10-09 15:49:29'),(119,1,'2021-10-09 15:50:12','2021-10-09 15:50:12'),(120,1,'2021-10-09 15:50:22','2021-10-09 15:50:22'),(121,1,'2021-10-09 16:10:37','2021-10-09 16:10:37'),(122,1,'2021-10-09 16:13:23','2021-10-09 16:13:23'),(123,1,'2021-10-09 16:16:14','2021-10-09 16:16:14'),(124,1,'2021-10-09 16:23:53','2021-10-09 16:23:53'),(125,1,'2021-10-09 16:25:25','2021-10-09 16:25:25'),(126,1,'2021-10-09 16:39:46','2021-10-09 16:39:46'),(127,1,'2021-10-09 16:40:05','2021-10-09 16:40:05'),(128,1,'2021-10-09 17:11:07','2021-10-09 17:11:07'),(129,1,'2021-10-09 17:14:21','2021-10-09 17:14:21'),(130,1,'2021-10-09 17:15:44','2021-10-09 17:15:44'),(131,1,'2021-10-09 17:26:04','2021-10-09 17:26:04'),(132,1,'2021-10-09 17:29:58','2021-10-09 17:29:58'),(133,1,'2021-10-09 17:47:53','2021-10-09 17:47:53'),(134,8,'2021-10-09 20:17:14','2021-10-09 20:17:14'),(135,8,'2021-10-09 20:22:24','2021-10-09 20:22:24'),(136,1,'2021-10-10 12:22:23','2021-10-10 12:22:23'),(137,1,'2021-10-10 12:30:23','2021-10-10 12:30:23'),(138,1,'2021-10-10 12:33:12','2021-10-10 12:33:12'),(139,1,'2021-10-10 12:33:52','2021-10-10 12:33:52'),(140,1,'2021-10-10 12:33:58','2021-10-10 12:33:58'),(141,1,'2021-10-10 13:39:45','2021-10-10 13:39:45'),(142,1,'2021-10-10 13:48:32','2021-10-10 13:48:32'),(143,1,'2021-10-11 14:25:45','2021-10-11 14:25:45'),(144,1,'2021-10-11 15:19:39','2021-10-11 15:19:39'),(145,1,'2021-10-11 15:19:45','2021-10-11 15:19:45'),(146,1,'2021-10-11 15:34:54','2021-10-11 15:34:54'),(147,1,'2021-10-11 17:48:57','2021-10-11 17:48:57'),(148,1,'2021-10-11 17:49:08','2021-10-11 17:49:08'),(149,1,'2021-10-11 18:15:28','2021-10-11 18:15:28'),(150,1,'2021-10-11 18:49:20','2021-10-11 18:49:20'),(151,1,'2021-10-11 19:02:52','2021-10-11 19:02:52'),(152,1,'2021-10-11 19:03:13','2021-10-11 19:03:13'),(153,1,'2021-10-11 19:03:22','2021-10-11 19:03:22'),(154,1,'2021-10-11 19:16:46','2021-10-11 19:16:46'),(155,1,'2021-10-11 19:19:31','2021-10-11 19:19:31'),(156,1,'2021-10-11 19:44:55','2021-10-11 19:44:55'),(157,1,'2021-10-11 19:57:56','2021-10-11 19:57:56'),(158,1,'2021-10-11 19:58:06','2021-10-11 19:58:06'),(159,1,'2021-10-11 20:01:59','2021-10-11 20:01:59'),(160,1,'2021-10-11 20:02:10','2021-10-11 20:02:10'),(161,1,'2021-10-11 20:16:38','2021-10-11 20:16:38'),(162,1,'2021-10-11 21:10:09','2021-10-11 21:10:09'),(163,1,'2021-10-12 22:56:48','2021-10-12 22:56:48'),(164,1,'2021-10-12 22:57:12','2021-10-12 22:57:12'),(165,1,'2021-10-12 22:57:34','2021-10-12 22:57:34'),(166,1,'2021-10-12 22:57:55','2021-10-12 22:57:55'),(167,1,'2021-10-12 23:01:52','2021-10-12 23:01:52'),(168,1,'2021-10-12 23:19:58','2021-10-12 23:19:58'),(169,1,'2021-10-12 23:20:12','2021-10-12 23:20:12'),(170,1,'2021-10-12 23:20:43','2021-10-12 23:20:43'),(171,1,'2021-10-12 23:21:12','2021-10-12 23:21:12'),(172,1,'2021-10-12 23:25:05','2021-10-12 23:25:05'),(173,1,'2021-10-12 23:25:14','2021-10-12 23:25:14'),(174,1,'2021-10-12 23:26:03','2021-10-12 23:26:03'),(175,1,'2021-10-12 23:26:10','2021-10-12 23:26:10'),(176,1,'2021-10-12 23:27:37','2021-10-12 23:27:37'),(177,1,'2021-10-12 23:28:15','2021-10-12 23:28:15'),(178,1,'2021-10-12 23:28:34','2021-10-12 23:28:34'),(179,1,'2021-10-12 23:28:44','2021-10-12 23:28:44'),(180,1,'2021-10-12 23:29:17','2021-10-12 23:29:17'),(181,1,'2021-10-12 23:29:26','2021-10-12 23:29:26'),(182,1,'2021-10-12 23:34:51','2021-10-12 23:34:51'),(183,1,'2021-10-12 23:38:32','2021-10-12 23:38:32'),(184,1,'2021-10-12 23:53:23','2021-10-12 23:53:23'),(185,1,'2021-10-12 23:54:11','2021-10-12 23:54:11'),(186,1,'2021-10-15 13:38:15','2021-10-15 13:38:15'),(187,1,'2021-10-15 13:39:41','2021-10-15 13:39:41'),(188,1,'2021-10-15 13:41:27','2021-10-15 13:41:27'),(189,1,'2021-10-15 14:04:33','2021-10-15 14:04:33'),(190,1,'2021-10-15 14:06:21','2021-10-15 14:06:21'),(191,1,'2021-10-15 14:06:54','2021-10-15 14:06:54'),(192,1,'2021-10-15 14:08:10','2021-10-15 14:08:10'),(193,1,'2021-10-15 14:09:54','2021-10-15 14:09:54'),(194,1,'2021-10-15 14:16:32','2021-10-15 14:16:32'),(195,1,'2021-10-15 14:17:03','2021-10-15 14:17:03'),(196,1,'2021-10-15 14:17:43','2021-10-15 14:17:43'),(197,1,'2021-10-15 14:43:39','2021-10-15 14:43:39'),(198,1,'2021-10-15 14:44:28','2021-10-15 14:44:28'),(199,1,'2021-10-15 14:45:03','2021-10-15 14:45:03'),(200,1,'2021-10-15 14:45:22','2021-10-15 14:45:22'),(201,1,'2021-10-15 14:46:09','2021-10-15 14:46:09'),(202,1,'2021-10-15 14:46:22','2021-10-15 14:46:22'),(203,1,'2021-10-15 14:46:40','2021-10-15 14:46:40'),(204,1,'2021-10-15 14:47:09','2021-10-15 14:47:09'),(205,1,'2021-10-15 14:49:41','2021-10-15 14:49:41'),(206,1,'2021-10-15 14:53:42','2021-10-15 14:53:42'),(207,1,'2021-10-15 14:59:40','2021-10-15 14:59:40'),(208,1,'2021-10-15 16:12:48','2021-10-15 16:12:48'),(209,1,'2021-10-15 16:13:18','2021-10-15 16:13:18'),(210,1,'2021-10-15 16:13:45','2021-10-15 16:13:45'),(211,1,'2021-10-15 16:14:53','2021-10-15 16:14:53'),(212,1,'2021-10-15 16:16:40','2021-10-15 16:16:40'),(213,1,'2021-10-15 16:18:13','2021-10-15 16:18:13'),(214,1,'2021-10-15 16:19:39','2021-10-15 16:19:39'),(215,1,'2021-10-15 16:22:17','2021-10-15 16:22:17'),(216,1,'2021-10-15 16:43:52','2021-10-15 16:43:52'),(217,1,'2021-10-15 20:54:18','2021-10-15 20:54:18'),(218,1,'2021-10-16 12:50:54','2021-10-16 12:50:54'),(219,1,'2021-10-16 13:06:18','2021-10-16 13:06:18'),(220,1,'2021-10-16 13:13:52','2021-10-16 13:13:52'),(221,1,'2021-10-16 13:29:33','2021-10-16 13:29:33'),(222,1,'2021-10-16 13:30:41','2021-10-16 13:30:41'),(223,1,'2021-10-16 13:32:31','2021-10-16 13:32:31'),(224,1,'2021-10-16 14:37:32','2021-10-16 14:37:32'),(225,1,'2021-10-23 17:50:19','2021-10-23 17:50:19'),(226,1,'2021-10-23 17:53:12','2021-10-23 17:53:12'),(227,1,'2021-10-23 20:18:33','2021-10-23 20:18:33'),(228,1,'2021-10-23 20:25:33','2021-10-23 20:25:33'),(229,1,'2021-10-23 21:15:24','2021-10-23 21:15:24'),(230,1,'2021-10-23 21:16:08','2021-10-23 21:16:08'),(231,1,'2021-10-23 21:29:26','2021-10-23 21:29:26'),(232,1,'2021-10-23 21:29:33','2021-10-23 21:29:33'),(233,1,'2021-10-23 21:43:04','2021-10-23 21:43:04'),(234,1,'2021-10-23 21:43:31','2021-10-23 21:43:31'),(235,1,'2021-10-23 21:45:19','2021-10-23 21:45:19'),(236,1,'2021-10-23 21:45:47','2021-10-23 21:45:47'),(237,1,'2021-10-23 21:48:28','2021-10-23 21:48:28'),(238,1,'2021-10-23 21:50:35','2021-10-23 21:50:35'),(239,1,'2021-10-23 22:12:20','2021-10-23 22:12:20'),(240,1,'2021-10-23 22:13:38','2021-10-23 22:13:38'),(241,1,'2021-10-23 22:42:26','2021-10-23 22:42:26'),(242,1,'2021-10-23 22:44:23','2021-10-23 22:44:23'),(243,1,'2021-10-23 22:49:56','2021-10-23 22:49:56'),(244,1,'2021-10-23 23:01:19','2021-10-23 23:01:19'),(245,1,'2021-10-24 13:13:43','2021-10-24 13:13:43'),(246,1,'2021-10-24 16:56:19','2021-10-24 16:56:19'),(247,1,'2021-10-24 16:57:07','2021-10-24 16:57:07'),(248,1,'2021-10-24 17:13:34','2021-10-24 17:13:34'),(249,1,'2021-10-24 17:27:26','2021-10-24 17:27:26'),(250,1,'2021-10-24 17:31:02','2021-10-24 17:31:02'),(251,1,'2021-10-24 17:35:47','2021-10-24 17:35:47'),(252,1,'2021-10-24 17:36:57','2021-10-24 17:36:57'),(253,1,'2021-10-24 17:41:45','2021-10-24 17:41:45'),(254,1,'2021-10-24 19:20:41','2021-10-24 19:20:41'),(255,1,'2021-10-24 19:21:11','2021-10-24 19:21:11'),(256,1,'2021-10-24 19:22:34','2021-10-24 19:22:34'),(257,1,'2021-10-24 19:23:04','2021-10-24 19:23:04'),(258,1,'2021-10-24 19:23:07','2021-10-24 19:23:07'),(259,1,'2021-10-24 19:23:18','2021-10-24 19:23:18'),(260,1,'2021-10-24 19:23:29','2021-10-24 19:23:29'),(261,1,'2021-10-24 19:24:29','2021-10-24 19:24:29'),(262,1,'2021-10-24 19:24:51','2021-10-24 19:24:51'),(263,1,'2021-10-24 19:25:53','2021-10-24 19:25:53'),(264,1,'2021-10-24 19:26:33','2021-10-24 19:26:33'),(265,1,'2021-10-24 19:26:59','2021-10-24 19:26:59'),(266,1,'2021-10-24 19:30:02','2021-10-24 19:30:02'),(267,1,'2021-10-24 19:31:24','2021-10-24 19:31:24'),(268,1,'2021-10-24 19:32:42','2021-10-24 19:32:42'),(269,1,'2021-10-24 19:33:18','2021-10-24 19:33:18'),(270,1,'2021-10-24 19:34:02','2021-10-24 19:34:02'),(271,1,'2021-10-24 19:34:25','2021-10-24 19:34:25'),(272,1,'2021-10-24 19:36:48','2021-10-24 19:36:48'),(273,1,'2021-10-24 19:37:10','2021-10-24 19:37:10'),(274,1,'2021-10-24 19:37:37','2021-10-24 19:37:37'),(275,1,'2021-10-24 19:38:11','2021-10-24 19:38:11'),(276,1,'2021-10-24 19:39:06','2021-10-24 19:39:06'),(277,1,'2021-10-24 19:40:35','2021-10-24 19:40:35'),(278,1,'2021-10-24 19:40:53','2021-10-24 19:40:53'),(279,1,'2021-10-24 19:41:20','2021-10-24 19:41:20'),(280,1,'2021-10-24 19:41:33','2021-10-24 19:41:33'),(281,1,'2021-10-24 19:41:44','2021-10-24 19:41:44'),(282,1,'2021-10-24 19:42:11','2021-10-24 19:42:11'),(283,1,'2021-10-24 19:43:46','2021-10-24 19:43:46'),(284,1,'2021-10-24 19:44:11','2021-10-24 19:44:11'),(285,1,'2021-10-24 19:45:59','2021-10-24 19:45:59'),(286,1,'2021-10-24 19:46:54','2021-10-24 19:46:54'),(287,1,'2021-10-24 19:48:53','2021-10-24 19:48:53'),(288,1,'2021-10-24 19:49:26','2021-10-24 19:49:26'),(289,1,'2021-10-24 19:49:37','2021-10-24 19:49:37'),(290,1,'2021-10-24 19:50:29','2021-10-24 19:50:29'),(291,1,'2021-10-24 19:50:52','2021-10-24 19:50:52'),(292,1,'2021-10-24 19:51:23','2021-10-24 19:51:23'),(293,1,'2021-10-24 19:51:49','2021-10-24 19:51:49'),(294,1,'2021-10-24 19:52:20','2021-10-24 19:52:20'),(295,1,'2021-10-24 19:52:43','2021-10-24 19:52:43'),(296,1,'2021-10-24 19:53:12','2021-10-24 19:53:12'),(297,1,'2021-10-24 19:53:27','2021-10-24 19:53:27'),(298,1,'2021-10-24 19:58:30','2021-10-24 19:58:30'),(299,1,'2021-10-24 20:00:31','2021-10-24 20:00:31'),(300,1,'2021-10-24 20:02:49','2021-10-24 20:02:49'),(301,1,'2021-10-24 20:04:39','2021-10-24 20:04:39'),(302,1,'2021-10-24 20:06:57','2021-10-24 20:06:57'),(303,1,'2021-10-24 20:06:58','2021-10-24 20:06:58'),(304,1,'2021-10-24 20:07:16','2021-10-24 20:07:16'),(305,1,'2021-10-24 20:07:26','2021-10-24 20:07:26'),(306,1,'2021-10-24 20:07:33','2021-10-24 20:07:33'),(307,1,'2021-10-24 20:08:42','2021-10-24 20:08:42'),(308,1,'2021-10-24 20:09:01','2021-10-24 20:09:01'),(309,1,'2021-10-24 20:11:46','2021-10-24 20:11:46'),(310,1,'2021-10-24 20:16:28','2021-10-24 20:16:28'),(311,1,'2021-10-24 20:17:08','2021-10-24 20:17:08'),(312,1,'2021-10-24 20:17:42','2021-10-24 20:17:42'),(313,1,'2021-10-24 20:18:28','2021-10-24 20:18:28'),(314,1,'2021-10-24 20:18:43','2021-10-24 20:18:43'),(315,1,'2021-10-24 20:33:34','2021-10-24 20:33:34'),(316,1,'2021-10-24 20:33:58','2021-10-24 20:33:58'),(317,1,'2021-10-24 20:34:40','2021-10-24 20:34:40'),(318,1,'2021-10-24 20:35:02','2021-10-24 20:35:02'),(319,1,'2021-10-24 20:38:10','2021-10-24 20:38:10'),(320,1,'2021-10-24 20:38:44','2021-10-24 20:38:44'),(321,1,'2021-10-24 20:38:56','2021-10-24 20:38:56'),(322,1,'2021-10-24 20:39:18','2021-10-24 20:39:18'),(323,1,'2021-10-24 20:40:35','2021-10-24 20:40:35'),(324,1,'2021-10-24 20:40:43','2021-10-24 20:40:43'),(325,1,'2021-10-24 20:40:51','2021-10-24 20:40:51'),(326,1,'2021-10-24 20:41:16','2021-10-24 20:41:16'),(327,1,'2021-10-24 20:45:31','2021-10-24 20:45:31'),(328,1,'2021-10-24 20:48:03','2021-10-24 20:48:03'),(329,1,'2021-10-24 20:49:21','2021-10-24 20:49:21'),(330,1,'2021-10-24 20:49:42','2021-10-24 20:49:42'),(331,1,'2021-10-24 20:50:09','2021-10-24 20:50:09'),(332,1,'2021-10-24 20:51:47','2021-10-24 20:51:47'),(333,1,'2021-10-24 20:52:42','2021-10-24 20:52:42'),(334,1,'2021-10-24 21:02:39','2021-10-24 21:02:39'),(335,1,'2021-10-24 21:02:48','2021-10-24 21:02:48'),(336,1,'2021-10-24 21:03:00','2021-10-24 21:03:00'),(337,1,'2021-10-24 21:04:28','2021-10-24 21:04:28'),(338,1,'2021-10-24 21:06:35','2021-10-24 21:06:35'),(339,1,'2021-10-24 21:08:04','2021-10-24 21:08:04'),(340,1,'2021-10-24 21:09:23','2021-10-24 21:09:23'),(341,1,'2021-10-24 21:11:58','2021-10-24 21:11:58'),(342,1,'2021-10-24 21:12:39','2021-10-24 21:12:39'),(343,1,'2021-10-24 22:36:53','2021-10-24 22:36:53'),(344,1,'2021-10-24 22:37:49','2021-10-24 22:37:49'),(345,1,'2021-10-24 22:39:38','2021-10-24 22:39:38'),(346,1,'2021-10-24 22:40:50','2021-10-24 22:40:50'),(347,1,'2021-10-24 22:41:27','2021-10-24 22:41:27'),(348,1,'2021-10-24 22:53:41','2021-10-24 22:53:41'),(349,1,'2021-10-24 22:55:14','2021-10-24 22:55:14'),(350,1,'2021-10-24 23:14:29','2021-10-24 23:14:29'),(351,1,'2021-10-24 23:14:50','2021-10-24 23:14:50'),(352,1,'2021-10-24 23:23:36','2021-10-24 23:23:36'),(353,1,'2021-10-24 23:25:26','2021-10-24 23:25:26'),(354,1,'2021-10-24 23:27:31','2021-10-24 23:27:31'),(355,1,'2021-10-24 23:28:15','2021-10-24 23:28:15'),(356,1,'2021-10-24 23:29:38','2021-10-24 23:29:38'),(357,1,'2021-10-24 23:30:05','2021-10-24 23:30:05'),(358,1,'2021-10-24 23:31:02','2021-10-24 23:31:02'),(359,1,'2021-10-24 23:31:28','2021-10-24 23:31:28'),(360,1,'2021-10-24 23:32:19','2021-10-24 23:32:19'),(361,1,'2021-10-24 23:32:41','2021-10-24 23:32:41'),(362,1,'2021-10-24 23:33:13','2021-10-24 23:33:13'),(363,1,'2021-10-24 23:33:52','2021-10-24 23:33:52'),(364,1,'2021-10-24 23:34:22','2021-10-24 23:34:22'),(365,1,'2021-10-24 23:39:26','2021-10-24 23:39:26'),(366,1,'2021-10-24 23:41:09','2021-10-24 23:41:09'),(367,1,'2021-10-24 23:41:53','2021-10-24 23:41:53'),(368,1,'2021-10-24 23:42:17','2021-10-24 23:42:17'),(369,1,'2021-10-24 23:43:26','2021-10-24 23:43:26'),(370,1,'2021-10-24 23:44:13','2021-10-24 23:44:13'),(371,1,'2021-10-24 23:44:40','2021-10-24 23:44:40'),(372,1,'2021-10-24 23:45:13','2021-10-24 23:45:13'),(373,1,'2021-10-24 23:46:11','2021-10-24 23:46:11'),(374,1,'2021-10-24 23:46:52','2021-10-24 23:46:52'),(375,1,'2021-10-24 23:47:13','2021-10-24 23:47:13'),(376,1,'2021-10-24 23:48:29','2021-10-24 23:48:29'),(377,1,'2021-10-24 23:50:36','2021-10-24 23:50:36'),(378,1,'2021-10-24 23:51:28','2021-10-24 23:51:28'),(379,1,'2021-10-24 23:53:37','2021-10-24 23:53:37'),(380,1,'2021-10-24 23:53:55','2021-10-24 23:53:55'),(381,1,'2021-10-24 23:54:38','2021-10-24 23:54:38'),(382,1,'2021-10-24 23:55:11','2021-10-24 23:55:11'),(383,1,'2021-10-24 23:56:33','2021-10-24 23:56:33'),(384,1,'2021-10-25 00:42:58','2021-10-25 00:42:58'),(385,1,'2021-10-25 00:44:00','2021-10-25 00:44:00'),(386,1,'2021-10-25 00:45:32','2021-10-25 00:45:32'),(387,1,'2021-10-25 00:45:44','2021-10-25 00:45:44'),(388,1,'2021-10-25 00:49:02','2021-10-25 00:49:02'),(389,1,'2021-10-25 00:49:14','2021-10-25 00:49:14'),(390,1,'2021-10-25 00:50:19','2021-10-25 00:50:19'),(391,1,'2021-10-25 00:51:40','2021-10-25 00:51:40'),(392,1,'2021-10-25 00:52:21','2021-10-25 00:52:21'),(393,1,'2021-10-25 12:05:45','2021-10-25 12:05:45'),(394,1,'2021-10-25 12:07:21','2021-10-25 12:07:21'),(395,1,'2021-10-25 12:08:13','2021-10-25 12:08:13'),(396,1,'2021-10-25 12:08:27','2021-10-25 12:08:27'),(397,1,'2021-10-25 12:08:48','2021-10-25 12:08:48'),(398,1,'2021-10-25 12:09:14','2021-10-25 12:09:14'),(399,1,'2021-10-25 12:10:04','2021-10-25 12:10:04'),(400,1,'2021-10-25 12:10:21','2021-10-25 12:10:21'),(401,1,'2021-10-25 12:10:34','2021-10-25 12:10:34'),(402,1,'2021-10-25 20:51:10','2021-10-25 20:51:10'),(403,1,'2021-10-25 20:56:05','2021-10-25 20:56:05'),(404,1,'2021-10-25 21:09:16','2021-10-25 21:09:16'),(405,1,'2021-10-25 21:09:49','2021-10-25 21:09:49'),(406,1,'2021-10-25 21:11:07','2021-10-25 21:11:07'),(407,1,'2021-10-25 21:11:26','2021-10-25 21:11:26'),(408,1,'2021-10-25 21:12:17','2021-10-25 21:12:17'),(409,1,'2021-10-25 21:26:27','2021-10-25 21:26:27'),(410,1,'2021-10-25 21:26:41','2021-10-25 21:26:41'),(411,1,'2021-10-25 21:26:59','2021-10-25 21:26:59'),(412,1,'2021-10-25 21:27:41','2021-10-25 21:27:41'),(413,1,'2021-10-25 21:28:06','2021-10-25 21:28:06'),(414,1,'2021-10-25 21:47:38','2021-10-25 21:47:38'),(415,1,'2021-10-25 21:54:09','2021-10-25 21:54:09'),(416,1,'2021-10-25 21:54:30','2021-10-25 21:54:30'),(417,1,'2021-10-25 21:55:07','2021-10-25 21:55:07'),(418,1,'2021-10-25 21:55:29','2021-10-25 21:55:29'),(419,1,'2021-10-25 21:55:34','2021-10-25 21:55:34'),(420,1,'2021-10-25 21:55:36','2021-10-25 21:55:36'),(421,1,'2021-10-25 21:55:40','2021-10-25 21:55:40'),(422,1,'2021-10-25 21:56:23','2021-10-25 21:56:23'),(423,1,'2021-10-25 21:56:56','2021-10-25 21:56:56'),(424,1,'2021-10-25 21:57:35','2021-10-25 21:57:35'),(425,1,'2021-10-25 21:59:05','2021-10-25 21:59:05'),(426,1,'2021-10-25 22:00:53','2021-10-25 22:00:53'),(427,1,'2021-10-25 22:03:11','2021-10-25 22:03:11'),(428,1,'2021-10-25 22:04:10','2021-10-25 22:04:10'),(429,1,'2021-10-26 21:34:32','2021-10-26 21:34:32'),(430,1,'2021-10-29 14:16:59','2021-10-29 14:16:59'),(431,1,'2021-10-29 14:20:01','2021-10-29 14:20:01'),(432,1,'2021-10-29 14:36:18','2021-10-29 14:36:18'),(433,1,'2021-10-29 17:06:45','2021-10-29 17:06:45'),(434,1,'2021-10-29 17:07:52','2021-10-29 17:07:52'),(435,1,'2021-10-29 17:10:25','2021-10-29 17:10:25'),(436,1,'2021-10-29 17:10:46','2021-10-29 17:10:46'),(437,1,'2021-10-29 17:11:09','2021-10-29 17:11:09'),(438,1,'2021-10-29 17:11:30','2021-10-29 17:11:30'),(439,1,'2021-10-29 18:10:29','2021-10-29 18:10:29'),(440,1,'2021-10-29 18:11:55','2021-10-29 18:11:55'),(441,1,'2021-10-29 18:12:39','2021-10-29 18:12:39'),(442,1,'2021-10-29 18:15:56','2021-10-29 18:15:56'),(443,1,'2021-10-29 18:27:09','2021-10-29 18:27:09'),(444,1,'2021-10-29 18:33:12','2021-10-29 18:33:12'),(445,1,'2021-10-30 20:47:18','2021-10-30 20:47:18'),(446,1,'2021-10-30 21:44:41','2021-10-30 21:44:41'),(447,1,'2021-10-30 21:46:26','2021-10-30 21:46:26'),(448,1,'2021-10-30 21:54:02','2021-10-30 21:54:02'),(449,1,'2021-10-30 21:55:36','2021-10-30 21:55:36'),(450,1,'2021-10-30 21:56:52','2021-10-30 21:56:52'),(451,1,'2021-10-30 21:58:00','2021-10-30 21:58:00'),(452,1,'2021-10-30 21:59:18','2021-10-30 21:59:18'),(453,1,'2021-10-30 22:09:00','2021-10-30 22:09:00'),(454,1,'2021-10-30 22:12:19','2021-10-30 22:12:19'),(455,1,'2021-10-30 22:15:21','2021-10-30 22:15:21'),(456,1,'2021-10-30 22:16:12','2021-10-30 22:16:12'),(457,1,'2021-10-31 20:50:42','2021-10-31 20:50:42'),(458,1,'2021-10-31 20:51:05','2021-10-31 20:51:05');
/*!40000 ALTER TABLE `tests` ENABLE KEYS */;
UNLOCK TABLES;

--
-- Table structure for table `users`
--

DROP TABLE IF EXISTS `users`;
/*!40101 SET @saved_cs_client     = @@character_set_client */;
/*!50503 SET character_set_client = utf8mb4 */;
CREATE TABLE `users` (
  `id` bigint unsigned NOT NULL AUTO_INCREMENT,
  `name` varchar(255) COLLATE utf8mb4_unicode_ci NOT NULL,
  `birthday` date NOT NULL,
  `email` varchar(255) COLLATE utf8mb4_unicode_ci NOT NULL,
  `email_verified_at` timestamp NULL DEFAULT NULL,
  `password` varchar(255) COLLATE utf8mb4_unicode_ci NOT NULL,
  `role` enum('user','admin') COLLATE utf8mb4_unicode_ci NOT NULL,
  `remember_token` varchar(100) COLLATE utf8mb4_unicode_ci DEFAULT NULL,
  `created_at` timestamp NULL DEFAULT NULL,
  `updated_at` timestamp NULL DEFAULT NULL,
  PRIMARY KEY (`id`),
  UNIQUE KEY `users_email_unique` (`email`)
) ENGINE=InnoDB AUTO_INCREMENT=13 DEFAULT CHARSET=utf8mb4 COLLATE=utf8mb4_unicode_ci;
/*!40101 SET character_set_client = @saved_cs_client */;

--
-- Dumping data for table `users`
--

LOCK TABLES `users` WRITE;
/*!40000 ALTER TABLE `users` DISABLE KEYS */;
INSERT INTO `users` VALUES (1,'Alejandro','2015-06-01','adsc89@gmail.com',NULL,'$2y$10$807EBNisZAGK12HmAM5KGuWkFk/BDiqRjg/Je7Pps919TucmjPsCq','user',NULL,'2021-08-18 00:35:58','2021-08-18 00:35:58'),(2,'Prueba','2015-05-08','b@b.com',NULL,'$2y$10$fCi1/B61ZDLuxBnrMWOkEuwAXW0JiGYjT/7C.RgyPpZ5dLs9ue6Ye','user',NULL,'2021-08-21 12:26:36','2021-08-21 12:26:36'),(3,'Usuario de prueba','2016-02-02','c@b.com',NULL,'$2y$10$WZ03BPuby.CeVHpNE/uF2.GiDmLikia4jAo63mMoXJIxqyR8kk9j2','user',NULL,'2021-08-21 12:38:32','2021-08-21 12:38:32'),(4,'prueba','2017-03-01','d@d.com',NULL,'$2y$10$CCw.TztWaXAElwYSFf0.fOSDgWkXYL0rVxZZkJ/fnyfL1InlQPeSy','user',NULL,'2021-08-21 13:02:16','2021-08-21 13:02:16'),(5,'prueba','2016-10-05','e@e.com',NULL,'$2y$10$VstGHikuUxxnJoypq1bBNekPxpiWed4xmFgqhlBVf8XUbbPELlWja','user',NULL,'2021-08-21 13:15:58','2021-08-21 13:15:58'),(6,'prueba','2010-05-01','t@t.com',NULL,'$2y$10$yPG75Jp8aw50M8cSLwWc3OnK4NGNhh0P0H3UauciNWiUY0EoEf0tu','user',NULL,'2021-08-21 13:28:04','2021-08-21 13:28:04'),(7,'prueba','2016-02-02','qqq@qqq.com',NULL,'$2y$10$iA3b/yxOKwl0IJ19UvetresXfPC8n1VngyB0vXGWm18KeU2f0W3im','user',NULL,'2021-08-21 13:39:10','2021-08-21 13:39:10'),(8,'pepe','2021-05-10','dd@dd.com',NULL,'$2y$10$Qkv4u6fyD1ekCVAnDb47ZOx4H4e01/C2f4ffJ9srXVaJJec4em/gy','user',NULL,'2021-10-09 20:11:36','2021-10-09 20:11:36'),(9,'alejandroa','1989-06-01','as@as.com',NULL,'$2y$10$kA2EoXr9nnE7VncCI5zJTOoE.BoYyy1XrFfDcbcJEigxMz.SJt20q','user',NULL,'2021-10-23 21:13:36','2021-10-23 21:13:36'),(10,'Ale','2015-11-05','aas@aas.com',NULL,'$2y$10$ImW3vgo3yONOx/aEgbnygOfnr45IanAbIqhSm6w1k0gwEUPlIsIMm','user',NULL,'2021-10-30 19:13:35','2021-10-30 19:13:35'),(11,'pedro','2017-04-07','pedro@pedro.com',NULL,'$2y$10$0QS3UukDOFAF7D86uhm1XeArtHTsjZ35rabP4Lz/iZpk8HeBbQC/m','user',NULL,'2021-10-31 23:49:08','2021-10-31 23:49:08'),(12,'asd','2021-02-11','asdasdasd@asdasdasd.com',NULL,'$2y$10$QbFc5AbRKfNqOSLkeSL3aO.WiUevEVFnwly4UK7lb1WiyW6KyMvZ.','user',NULL,'2021-10-31 23:54:39','2021-10-31 23:54:39');
/*!40000 ALTER TABLE `users` ENABLE KEYS */;
UNLOCK TABLES;
/*!40103 SET TIME_ZONE=@OLD_TIME_ZONE */;

/*!40101 SET SQL_MODE=@OLD_SQL_MODE */;
/*!40014 SET FOREIGN_KEY_CHECKS=@OLD_FOREIGN_KEY_CHECKS */;
/*!40014 SET UNIQUE_CHECKS=@OLD_UNIQUE_CHECKS */;
/*!40101 SET CHARACTER_SET_CLIENT=@OLD_CHARACTER_SET_CLIENT */;
/*!40101 SET CHARACTER_SET_RESULTS=@OLD_CHARACTER_SET_RESULTS */;
/*!40101 SET COLLATION_CONNECTION=@OLD_COLLATION_CONNECTION */;
/*!40111 SET SQL_NOTES=@OLD_SQL_NOTES */;

-- Dump completed on 2021-11-01  5:31:03
